country_long_name,profile_url,Source,Copyright,Measure Names,Year of Year,Measure Values
Abu Dhabi,https://www.energyintel.com/wcod/country-profile/abu-dhabi,Source: Energy Intelligence,"COPYRIGHT © 2001-2021 ENERGY INTELLIGENCE GROUP, INC. / ENERGY INTELLIGENCE GROUP (UK) LIMITED.",Exports ('000 b/d),2023,2768
Abu Dhabi,https://www.energyintel.com/wcod/country-profile/abu-dhabi,Source: Energy Intelligence,"COPYRIGHT © 2001-2021 ENERGY INTELLIGENCE GROUP, INC. / ENERGY INTELLIGENCE GROUP (UK) LIMITED.",Exports ('000 b/d),2024,2768
Abu Dhabi,https://www.energyintel.com/wcod/country-profile/abu-dhabi,Source: Energy Intelligence,"COPYRIGHT © 2001-2021 ENERGY INTELLIGENCE GROUP, INC. / ENERGY INTELLIGENCE GROUP (UK) LIMITED.",Production ('000 b/d),2023,2945
Abu Dhabi,https://www.energyintel.com/wcod/country-profile/abu-dhabi,Source: Energy Intelligence,"COPYRIGHT © 2001-2021 ENERGY INTELLIGENCE GROUP, INC. / ENERGY INTELLIGENCE GROUP (UK) LIMITED.",Production ('000 b/d),2024,2937
Abu Dhabi,https://www.energyintel.com/wcod/country-profile/abu-dhabi,Source: Energy Intelligence,"COPYRIGHT © 2001-2021 ENERGY INTELLIGENCE GROUP, INC. / ENERGY INTELLIGENCE GROUP (UK) LIMITED.",R/P Ratio (Year),2023,105.123613275
Abu Dhabi,https://www.energyintel.com/wcod/country-profile/abu-dhabi,Source: Energy Intelligence,"COPYRIGHT © 2001-2021 ENERGY INTELLIGENCE GROUP, INC. / ENERGY INTELLIGENCE GROUP (UK) LIMITED.",R/P Ratio (Year),2024,105.409956110
Abu Dhabi,https://www.energyintel.com/wcod/country-profile/abu-dhabi,Source: Energy Intelligence,"COPYRIGHT © 2001-2021 ENERGY INTELLIGENCE GROUP, INC. / ENERGY INTELLIGENCE GROUP (UK) LIMITED.",Reserves (Billion bbl),2023,113
Abu Dhabi,https://www.energyintel.com/wcod/country-profile/abu-dhabi,Source: Energy Intelligence,"COPYRIGHT © 2001-2021 ENERGY INTELLIGENCE GROUP, INC. / ENERGY INTELLIGENCE GROUP (UK) LIMITED.",Reserves (Billion bbl),2024,113
Algeria,https://www.energyintel.com/wcod/country-profile/algeria,Source: Energy Intelligence,"COPYRIGHT © 2001-2021 ENERGY INTELLIGENCE GROUP, INC. / ENERGY INTELLIGENCE GROUP (UK) LIMITED.",Exports ('000 b/d),2023,467.9
Algeria,https://www.energyintel.com/wcod/country-profile/algeria,Source: Energy Intelligence,"COPYRIGHT © 2001-2021 ENERGY INTELLIGENCE GROUP, INC. / ENERGY INTELLIGENCE GROUP (UK) LIMITED.",Exports ('000 b/d),2024,467.4
Algeria,https://www.energyintel.com/wcod/country-profile/algeria,Source: Energy Intelligence,"COPYRIGHT © 2001-2021 ENERGY INTELLIGENCE GROUP, INC. / ENERGY INTELLIGENCE GROUP (UK) LIMITED.",Production ('000 b/d),2023,1152
Algeria,https://www.energyintel.com/wcod/country-profile/algeria,Source: Energy Intelligence,"COPYRIGHT © 2001-2021 ENERGY INTELLIGENCE GROUP, INC. / ENERGY INTELLIGENCE GROUP (UK) LIMITED.",Production ('000 b/d),2024,1074
Algeria,https://www.energyintel.com/wcod/country-profile/algeria,Source: Energy Intelligence,"COPYRIGHT © 2001-2021 ENERGY INTELLIGENCE GROUP, INC. / ENERGY INTELLIGENCE GROUP (UK) LIMITED.",R/P Ratio (Year),2023,29.014459665
Algeria,https://www.energyintel.com/wcod/country-profile/algeria,Source: Energy Intelligence,"COPYRIGHT © 2001-2021 ENERGY INTELLIGENCE GROUP, INC. / ENERGY INTELLIGENCE GROUP (UK) LIMITED.",R/P Ratio (Year),2024,31.121655060
Algeria,https://www.energyintel.com/wcod/country-profile/algeria,Source: Energy Intelligence,"COPYRIGHT © 2001-2021 ENERGY INTELLIGENCE GROUP, INC. / ENERGY INTELLIGENCE GROUP (UK) LIMITED.",Reserves (Billion bbl),2023,12.2
Algeria,https://www.energyintel.com/wcod/country-profile/algeria,Source: Energy Intelligence,"COPYRIGHT © 2001-2021 ENERGY INTELLIGENCE GROUP, INC. / ENERGY INTELLIGENCE GROUP (UK) LIMITED.",Reserves (Billion bbl),2024,12.2
Angola,https://www.energyintel.com/wcod/country-profile/angola,Source: Energy Intelligence,"COPYRIGHT © 2001-2021 ENERGY INTELLIGENCE GROUP, INC. / ENERGY INTELLIGENCE GROUP (UK) LIMITED.",Exports ('000 b/d),2023,1077.9
Angola,https://www.energyintel.com/wcod/country-profile/angola,Source: Energy Intelligence,"COPYRIGHT © 2001-2021 ENERGY INTELLIGENCE GROUP, INC. / ENERGY INTELLIGENCE GROUP (UK) LIMITED.",Exports ('000 b/d),2024,1093.7
Angola,https://www.energyintel.com/wcod/country-profile/angola,Source: Energy Intelligence,"COPYRIGHT © 2001-2021 ENERGY INTELLIGENCE GROUP, INC. / ENERGY INTELLIGENCE GROUP (UK) LIMITED.",Production ('000 b/d),2023,1121
Angola,https://www.energyintel.com/wcod/country-profile/angola,Source: Energy Intelligence,"COPYRIGHT © 2001-2021 ENERGY INTELLIGENCE GROUP, INC. / ENERGY INTELLIGENCE GROUP (UK) LIMITED.",Production ('000 b/d),2024,1148
Angola,https://www.energyintel.com/wcod/country-profile/angola,Source: Energy Intelligence,"COPYRIGHT © 2001-2021 ENERGY INTELLIGENCE GROUP, INC. / ENERGY INTELLIGENCE GROUP (UK) LIMITED.",R/P Ratio (Year),2023,6.232204612
Angola,https://www.energyintel.com/wcod/country-profile/angola,Source: Energy Intelligence,"COPYRIGHT © 2001-2021 ENERGY INTELLIGENCE GROUP, INC. / ENERGY INTELLIGENCE GROUP (UK) LIMITED.",R/P Ratio (Year),2024,6.085628371
Angola,https://www.energyintel.com/wcod/country-profile/angola,Source: Energy Intelligence,"COPYRIGHT © 2001-2021 ENERGY INTELLIGENCE GROUP, INC. / ENERGY INTELLIGENCE GROUP (UK) LIMITED.",Reserves (Billion bbl),2023,2.550000000
Angola,https://www.energyintel.com/wcod/country-profile/angola,Source: Energy Intelligence,"COPYRIGHT © 2001-2021 ENERGY INTELLIGENCE GROUP, INC. / ENERGY INTELLIGENCE GROUP (UK) LIMITED.",Reserves (Billion bbl),2024,2.550000000
Argentina,https://www.energyintel.com/wcod/country-profile/argentina,Source: Energy Intelligence,"COPYRIGHT © 2001-2021 ENERGY INTELLIGENCE GROUP, INC. / ENERGY INTELLIGENCE GROUP (UK) LIMITED.",Exports ('000 b/d),2023,128
Argentina,https://www.energyintel.com/wcod/country-profile/argentina,Source: Energy Intelligence,"COPYRIGHT © 2001-2021 ENERGY INTELLIGENCE GROUP, INC. / ENERGY INTELLIGENCE GROUP (UK) LIMITED.",Exports ('000 b/d),2024,145
Argentina,https://www.energyintel.com/wcod/country-profile/argentina,Source: Energy Intelligence,"COPYRIGHT © 2001-2021 ENERGY INTELLIGENCE GROUP, INC. / ENERGY INTELLIGENCE GROUP (UK) LIMITED.",Production ('000 b/d),2023,611
Argentina,https://www.energyintel.com/wcod/country-profile/argentina,Source: Energy Intelligence,"COPYRIGHT © 2001-2021 ENERGY INTELLIGENCE GROUP, INC. / ENERGY INTELLIGENCE GROUP (UK) LIMITED.",Production ('000 b/d),2024,665
Argentina,https://www.energyintel.com/wcod/country-profile/argentina,Source: Energy Intelligence,"COPYRIGHT © 2001-2021 ENERGY INTELLIGENCE GROUP, INC. / ENERGY INTELLIGENCE GROUP (UK) LIMITED.",R/P Ratio (Year),2023,12.734569424
Argentina,https://www.energyintel.com/wcod/country-profile/argentina,Source: Energy Intelligence,"COPYRIGHT © 2001-2021 ENERGY INTELLIGENCE GROUP, INC. / ENERGY INTELLIGENCE GROUP (UK) LIMITED.",R/P Ratio (Year),2024,12.355546400
Argentina,https://www.energyintel.com/wcod/country-profile/argentina,Source: Energy Intelligence,"COPYRIGHT © 2001-2021 ENERGY INTELLIGENCE GROUP, INC. / ENERGY INTELLIGENCE GROUP (UK) LIMITED.",Reserves (Billion bbl),2023,2.84
Argentina,https://www.energyintel.com/wcod/country-profile/argentina,Source: Energy Intelligence,"COPYRIGHT © 2001-2021 ENERGY INTELLIGENCE GROUP, INC. / ENERGY INTELLIGENCE GROUP (UK) LIMITED.",Reserves (Billion bbl),2024,2.999
Australia,https://www.energyintel.com/wcod/country-profile/australia,Source: Energy Intelligence,"COPYRIGHT © 2001-2021 ENERGY INTELLIGENCE GROUP, INC. / ENERGY INTELLIGENCE GROUP (UK) LIMITED.",Exports ('000 b/d),2023,270.2
Australia,https://www.energyintel.com/wcod/country-profile/australia,Source: Energy Intelligence,"COPYRIGHT © 2001-2021 ENERGY INTELLIGENCE GROUP, INC. / ENERGY INTELLIGENCE GROUP (UK) LIMITED.",Exports ('000 b/d),2024,258.64
Australia,https://www.energyintel.com/wcod/country-profile/australia,Source: Energy Intelligence,"COPYRIGHT © 2001-2021 ENERGY INTELLIGENCE GROUP, INC. / ENERGY INTELLIGENCE GROUP (UK) LIMITED.",Production ('000 b/d),2023,280
Australia,https://www.energyintel.com/wcod/country-profile/australia,Source: Energy Intelligence,"COPYRIGHT © 2001-2021 ENERGY INTELLIGENCE GROUP, INC. / ENERGY INTELLIGENCE GROUP (UK) LIMITED.",Production ('000 b/d),2024,271
Australia,https://www.energyintel.com/wcod/country-profile/australia,Source: Energy Intelligence,"COPYRIGHT © 2001-2021 ENERGY INTELLIGENCE GROUP, INC. / ENERGY INTELLIGENCE GROUP (UK) LIMITED.",R/P Ratio (Year),2023,17.123287671
Australia,https://www.energyintel.com/wcod/country-profile/australia,Source: Energy Intelligence,"COPYRIGHT © 2001-2021 ENERGY INTELLIGENCE GROUP, INC. / ENERGY INTELLIGENCE GROUP (UK) LIMITED.",R/P Ratio (Year),2024,18.197442248
Australia,https://www.energyintel.com/wcod/country-profile/australia,Source: Energy Intelligence,"COPYRIGHT © 2001-2021 ENERGY INTELLIGENCE GROUP, INC. / ENERGY INTELLIGENCE GROUP (UK) LIMITED.",Reserves (Billion bbl),2023,1.75
Australia,https://www.energyintel.com/wcod/country-profile/australia,Source: Energy Intelligence,"COPYRIGHT © 2001-2021 ENERGY INTELLIGENCE GROUP, INC. / ENERGY INTELLIGENCE GROUP (UK) LIMITED.",Reserves (Billion bbl),2024,1.8
Azerbaijan,https://www.energyintel.com/wcod/country-profile/azerbaijan,Source: Energy Intelligence,"COPYRIGHT © 2001-2021 ENERGY INTELLIGENCE GROUP, INC. / ENERGY INTELLIGENCE GROUP (UK) LIMITED.",Exports ('000 b/d),2023,458.9
Azerbaijan,https://www.energyintel.com/wcod/country-profile/azerbaijan,Source: Energy Intelligence,"COPYRIGHT © 2001-2021 ENERGY INTELLIGENCE GROUP, INC. / ENERGY INTELLIGENCE GROUP (UK) LIMITED.",Exports ('000 b/d),2024,437.9
Azerbaijan,https://www.energyintel.com/wcod/country-profile/azerbaijan,Source: Energy Intelligence,"COPYRIGHT © 2001-2021 ENERGY INTELLIGENCE GROUP, INC. / ENERGY INTELLIGENCE GROUP (UK) LIMITED.",Production ('000 b/d),2023,607
Azerbaijan,https://www.energyintel.com/wcod/country-profile/azerbaijan,Source: Energy Intelligence,"COPYRIGHT © 2001-2021 ENERGY INTELLIGENCE GROUP, INC. / ENERGY INTELLIGENCE GROUP (UK) LIMITED.",Production ('000 b/d),2024,585
Azerbaijan,https://www.energyintel.com/wcod/country-profile/azerbaijan,Source: Energy Intelligence,"COPYRIGHT © 2001-2021 ENERGY INTELLIGENCE GROUP, INC. / ENERGY INTELLIGENCE GROUP (UK) LIMITED.",R/P Ratio (Year),2023,31.594863578
Azerbaijan,https://www.energyintel.com/wcod/country-profile/azerbaijan,Source: Energy Intelligence,"COPYRIGHT © 2001-2021 ENERGY INTELLIGENCE GROUP, INC. / ENERGY INTELLIGENCE GROUP (UK) LIMITED.",R/P Ratio (Year),2024,32.783046482
Azerbaijan,https://www.energyintel.com/wcod/country-profile/azerbaijan,Source: Energy Intelligence,"COPYRIGHT © 2001-2021 ENERGY INTELLIGENCE GROUP, INC. / ENERGY INTELLIGENCE GROUP (UK) LIMITED.",Reserves (Billion bbl),2023,7
Azerbaijan,https://www.energyintel.com/wcod/country-profile/azerbaijan,Source: Energy Intelligence,"COPYRIGHT © 2001-2021 ENERGY INTELLIGENCE GROUP, INC. / ENERGY INTELLIGENCE GROUP (UK) LIMITED.",Reserves (Billion bbl),2024,7
Brazil,https://www.energyintel.com/wcod/country-profile/brazil,Source: Energy Intelligence,"COPYRIGHT © 2001-2021 ENERGY INTELLIGENCE GROUP, INC. / ENERGY INTELLIGENCE GROUP (UK) LIMITED.",Exports ('000 b/d),2023,1602
Brazil,https://www.energyintel.com/wcod/country-profile/brazil,Source: Energy Intelligence,"COPYRIGHT © 2001-2021 ENERGY INTELLIGENCE GROUP, INC. / ENERGY INTELLIGENCE GROUP (UK) LIMITED.",Exports ('000 b/d),2024,1741
Brazil,https://www.energyintel.com/wcod/country-profile/brazil,Source: Energy Intelligence,"COPYRIGHT © 2001-2021 ENERGY INTELLIGENCE GROUP, INC. / ENERGY INTELLIGENCE GROUP (UK) LIMITED.",Production ('000 b/d),2023,3394
Brazil,https://www.energyintel.com/wcod/country-profile/brazil,Source: Energy Intelligence,"COPYRIGHT © 2001-2021 ENERGY INTELLIGENCE GROUP, INC. / ENERGY INTELLIGENCE GROUP (UK) LIMITED.",Production ('000 b/d),2024,3365
Brazil,https://www.energyintel.com/wcod/country-profile/brazil,Source: Energy Intelligence,"COPYRIGHT © 2001-2021 ENERGY INTELLIGENCE GROUP, INC. / ENERGY INTELLIGENCE GROUP (UK) LIMITED.",R/P Ratio (Year),2023,10.655387025
Brazil,https://www.energyintel.com/wcod/country-profile/brazil,Source: Energy Intelligence,"COPYRIGHT © 2001-2021 ENERGY INTELLIGENCE GROUP, INC. / ENERGY INTELLIGENCE GROUP (UK) LIMITED.",R/P Ratio (Year),2024,12.095503674
Brazil,https://www.energyintel.com/wcod/country-profile/brazil,Source: Energy Intelligence,"COPYRIGHT © 2001-2021 ENERGY INTELLIGENCE GROUP, INC. / ENERGY INTELLIGENCE GROUP (UK) LIMITED.",Reserves (Billion bbl),2023,13.200000000
Brazil,https://www.energyintel.com/wcod/country-profile/brazil,Source: Energy Intelligence,"COPYRIGHT © 2001-2021 ENERGY INTELLIGENCE GROUP, INC. / ENERGY INTELLIGENCE GROUP (UK) LIMITED.",Reserves (Billion bbl),2024,14.856000000
Brunei,https://www.energyintel.com/wcod/country-profile/brunei,Source: Energy Intelligence,"COPYRIGHT © 2001-2021 ENERGY INTELLIGENCE GROUP, INC. / ENERGY INTELLIGENCE GROUP (UK) LIMITED.",Exports ('000 b/d),2023,39.42
Brunei,https://www.energyintel.com/wcod/country-profile/brunei,Source: Energy Intelligence,"COPYRIGHT © 2001-2021 ENERGY INTELLIGENCE GROUP, INC. / ENERGY INTELLIGENCE GROUP (UK) LIMITED.",Exports ('000 b/d),2024,40.8
Brunei,https://www.energyintel.com/wcod/country-profile/brunei,Source: Energy Intelligence,"COPYRIGHT © 2001-2021 ENERGY INTELLIGENCE GROUP, INC. / ENERGY INTELLIGENCE GROUP (UK) LIMITED.",Production ('000 b/d),2023,70
Brunei,https://www.energyintel.com/wcod/country-profile/brunei,Source: Energy Intelligence,"COPYRIGHT © 2001-2021 ENERGY INTELLIGENCE GROUP, INC. / ENERGY INTELLIGENCE GROUP (UK) LIMITED.",Production ('000 b/d),2024,79
Brunei,https://www.energyintel.com/wcod/country-profile/brunei,Source: Energy Intelligence,"COPYRIGHT © 2001-2021 ENERGY INTELLIGENCE GROUP, INC. / ENERGY INTELLIGENCE GROUP (UK) LIMITED.",R/P Ratio (Year),2023,43.052837573
Brunei,https://www.energyintel.com/wcod/country-profile/brunei,Source: Energy Intelligence,"COPYRIGHT © 2001-2021 ENERGY INTELLIGENCE GROUP, INC. / ENERGY INTELLIGENCE GROUP (UK) LIMITED.",R/P Ratio (Year),2024,38.148083926
Brunei,https://www.energyintel.com/wcod/country-profile/brunei,Source: Energy Intelligence,"COPYRIGHT © 2001-2021 ENERGY INTELLIGENCE GROUP, INC. / ENERGY INTELLIGENCE GROUP (UK) LIMITED.",Reserves (Billion bbl),2023,1.1
Brunei,https://www.energyintel.com/wcod/country-profile/brunei,Source: Energy Intelligence,"COPYRIGHT © 2001-2021 ENERGY INTELLIGENCE GROUP, INC. / ENERGY INTELLIGENCE GROUP (UK) LIMITED.",Reserves (Billion bbl),2024,1.1
Canada,https://www.energyintel.com/wcod/country-profile/canada,Source: Energy Intelligence,"COPYRIGHT © 2001-2021 ENERGY INTELLIGENCE GROUP, INC. / ENERGY INTELLIGENCE GROUP (UK) LIMITED.",Exports ('000 b/d),2023,3988.600000000
Canada,https://www.energyintel.com/wcod/country-profile/canada,Source: Energy Intelligence,"COPYRIGHT © 2001-2021 ENERGY INTELLIGENCE GROUP, INC. / ENERGY INTELLIGENCE GROUP (UK) LIMITED.",Exports ('000 b/d),2024,4213.600000000
Canada,https://www.energyintel.com/wcod/country-profile/canada,Source: Energy Intelligence,"COPYRIGHT © 2001-2021 ENERGY INTELLIGENCE GROUP, INC. / ENERGY INTELLIGENCE GROUP (UK) LIMITED.",Production ('000 b/d),2023,4907.550000000
Canada,https://www.energyintel.com/wcod/country-profile/canada,Source: Energy Intelligence,"COPYRIGHT © 2001-2021 ENERGY INTELLIGENCE GROUP, INC. / ENERGY INTELLIGENCE GROUP (UK) LIMITED.",Production ('000 b/d),2024,5129.700000000
Canada,https://www.energyintel.com/wcod/country-profile/canada,Source: Energy Intelligence,"COPYRIGHT © 2001-2021 ENERGY INTELLIGENCE GROUP, INC. / ENERGY INTELLIGENCE GROUP (UK) LIMITED.",R/P Ratio (Year),2023,93.839196329
Canada,https://www.energyintel.com/wcod/country-profile/canada,Source: Energy Intelligence,"COPYRIGHT © 2001-2021 ENERGY INTELLIGENCE GROUP, INC. / ENERGY INTELLIGENCE GROUP (UK) LIMITED.",R/P Ratio (Year),2024,90.309428226
Canada,https://www.energyintel.com/wcod/country-profile/canada,Source: Energy Intelligence,"COPYRIGHT © 2001-2021 ENERGY INTELLIGENCE GROUP, INC. / ENERGY INTELLIGENCE GROUP (UK) LIMITED.",Reserves (Billion bbl),2023,168.09
Canada,https://www.energyintel.com/wcod/country-profile/canada,Source: Energy Intelligence,"COPYRIGHT © 2001-2021 ENERGY INTELLIGENCE GROUP, INC. / ENERGY INTELLIGENCE GROUP (UK) LIMITED.",Reserves (Billion bbl),2024,169.09
Chad,https://www.energyintel.com/wcod/country-profile/chad,Source: Energy Intelligence,"COPYRIGHT © 2001-2021 ENERGY INTELLIGENCE GROUP, INC. / ENERGY INTELLIGENCE GROUP (UK) LIMITED.",Exports ('000 b/d),2023,127
Chad,https://www.energyintel.com/wcod/country-profile/chad,Source: Energy Intelligence,"COPYRIGHT © 2001-2021 ENERGY INTELLIGENCE GROUP, INC. / ENERGY INTELLIGENCE GROUP (UK) LIMITED.",Exports ('000 b/d),2024,129.6
Chad,https://www.energyintel.com/wcod/country-profile/chad,Source: Energy Intelligence,"COPYRIGHT © 2001-2021 ENERGY INTELLIGENCE GROUP, INC. / ENERGY INTELLIGENCE GROUP (UK) LIMITED.",Production ('000 b/d),2023,142
Chad,https://www.energyintel.com/wcod/country-profile/chad,Source: Energy Intelligence,"COPYRIGHT © 2001-2021 ENERGY INTELLIGENCE GROUP, INC. / ENERGY INTELLIGENCE GROUP (UK) LIMITED.",Production ('000 b/d),2024,144
Chad,https://www.energyintel.com/wcod/country-profile/chad,Source: Energy Intelligence,"COPYRIGHT © 2001-2021 ENERGY INTELLIGENCE GROUP, INC. / ENERGY INTELLIGENCE GROUP (UK) LIMITED.",R/P Ratio (Year),2023,28.940767895
Chad,https://www.energyintel.com/wcod/country-profile/chad,Source: Energy Intelligence,"COPYRIGHT © 2001-2021 ENERGY INTELLIGENCE GROUP, INC. / ENERGY INTELLIGENCE GROUP (UK) LIMITED.",R/P Ratio (Year),2024,28.538812785
Chad,https://www.energyintel.com/wcod/country-profile/chad,Source: Energy Intelligence,"COPYRIGHT © 2001-2021 ENERGY INTELLIGENCE GROUP, INC. / ENERGY INTELLIGENCE GROUP (UK) LIMITED.",Reserves (Billion bbl),2023,1.5
Chad,https://www.energyintel.com/wcod/country-profile/chad,Source: Energy Intelligence,"COPYRIGHT © 2001-2021 ENERGY INTELLIGENCE GROUP, INC. / ENERGY INTELLIGENCE GROUP (UK) LIMITED.",Reserves (Billion bbl),2024,1.5
China,https://www.energyintel.com/wcod/country-profile/china,Source: Energy Intelligence,"COPYRIGHT © 2001-2021 ENERGY INTELLIGENCE GROUP, INC. / ENERGY INTELLIGENCE GROUP (UK) LIMITED.",Exports ('000 b/d),2023,28
China,https://www.energyintel.com/wcod/country-profile/china,Source: Energy Intelligence,"COPYRIGHT © 2001-2021 ENERGY INTELLIGENCE GROUP, INC. / ENERGY INTELLIGENCE GROUP (UK) LIMITED.",Exports ('000 b/d),2024,42
China,https://www.energyintel.com/wcod/country-profile/china,Source: Energy Intelligence,"COPYRIGHT © 2001-2021 ENERGY INTELLIGENCE GROUP, INC. / ENERGY INTELLIGENCE GROUP (UK) LIMITED.",Production ('000 b/d),2023,4157
China,https://www.energyintel.com/wcod/country-profile/china,Source: Energy Intelligence,"COPYRIGHT © 2001-2021 ENERGY INTELLIGENCE GROUP, INC. / ENERGY INTELLIGENCE GROUP (UK) LIMITED.",Production ('000 b/d),2024,4256
China,https://www.energyintel.com/wcod/country-profile/china,Source: Energy Intelligence,"COPYRIGHT © 2001-2021 ENERGY INTELLIGENCE GROUP, INC. / ENERGY INTELLIGENCE GROUP (UK) LIMITED.",R/P Ratio (Year),2023,17.096101311
China,https://www.energyintel.com/wcod/country-profile/china,Source: Energy Intelligence,"COPYRIGHT © 2001-2021 ENERGY INTELLIGENCE GROUP, INC. / ENERGY INTELLIGENCE GROUP (UK) LIMITED.",R/P Ratio (Year),2024,16.698424143
China,https://www.energyintel.com/wcod/country-profile/china,Source: Energy Intelligence,"COPYRIGHT © 2001-2021 ENERGY INTELLIGENCE GROUP, INC. / ENERGY INTELLIGENCE GROUP (UK) LIMITED.",Reserves (Billion bbl),2023,25.94
China,https://www.energyintel.com/wcod/country-profile/china,Source: Energy Intelligence,"COPYRIGHT © 2001-2021 ENERGY INTELLIGENCE GROUP, INC. / ENERGY INTELLIGENCE GROUP (UK) LIMITED.",Reserves (Billion bbl),2024,25.94
Colombia,https://www.energyintel.com/wcod/country-profile/colombia,Source: Energy Intelligence,"COPYRIGHT © 2001-2021 ENERGY INTELLIGENCE GROUP, INC. / ENERGY INTELLIGENCE GROUP (UK) LIMITED.",Exports ('000 b/d),2023,484
Colombia,https://www.energyintel.com/wcod/country-profile/colombia,Source: Energy Intelligence,"COPYRIGHT © 2001-2021 ENERGY INTELLIGENCE GROUP, INC. / ENERGY INTELLIGENCE GROUP (UK) LIMITED.",Exports ('000 b/d),2024,473
Colombia,https://www.energyintel.com/wcod/country-profile/colombia,Source: Energy Intelligence,"COPYRIGHT © 2001-2021 ENERGY INTELLIGENCE GROUP, INC. / ENERGY INTELLIGENCE GROUP (UK) LIMITED.",Production ('000 b/d),2023,777
Colombia,https://www.energyintel.com/wcod/country-profile/colombia,Source: Energy Intelligence,"COPYRIGHT © 2001-2021 ENERGY INTELLIGENCE GROUP, INC. / ENERGY INTELLIGENCE GROUP (UK) LIMITED.",Production ('000 b/d),2024,773
Colombia,https://www.energyintel.com/wcod/country-profile/colombia,Source: Energy Intelligence,"COPYRIGHT © 2001-2021 ENERGY INTELLIGENCE GROUP, INC. / ENERGY INTELLIGENCE GROUP (UK) LIMITED.",R/P Ratio (Year),2023,7.193103084
Colombia,https://www.energyintel.com/wcod/country-profile/colombia,Source: Energy Intelligence,"COPYRIGHT © 2001-2021 ENERGY INTELLIGENCE GROUP, INC. / ENERGY INTELLIGENCE GROUP (UK) LIMITED.",R/P Ratio (Year),2024,7.230324833
Colombia,https://www.energyintel.com/wcod/country-profile/colombia,Source: Energy Intelligence,"COPYRIGHT © 2001-2021 ENERGY INTELLIGENCE GROUP, INC. / ENERGY INTELLIGENCE GROUP (UK) LIMITED.",Reserves (Billion bbl),2023,2.04
Colombia,https://www.energyintel.com/wcod/country-profile/colombia,Source: Energy Intelligence,"COPYRIGHT © 2001-2021 ENERGY INTELLIGENCE GROUP, INC. / ENERGY INTELLIGENCE GROUP (UK) LIMITED.",Reserves (Billion bbl),2024,2.04
Congo (Brazzaville),https://www.energyintel.com/wcod/country-profile/republic-of-the-congo,Source: Energy Intelligence,"COPYRIGHT © 2001-2021 ENERGY INTELLIGENCE GROUP, INC. / ENERGY INTELLIGENCE GROUP (UK) LIMITED.",Exports ('000 b/d),2023,230.93
Congo (Brazzaville),https://www.energyintel.com/wcod/country-profile/republic-of-the-congo,Source: Energy Intelligence,"COPYRIGHT © 2001-2021 ENERGY INTELLIGENCE GROUP, INC. / ENERGY INTELLIGENCE GROUP (UK) LIMITED.",Exports ('000 b/d),2024,226
Congo (Brazzaville),https://www.energyintel.com/wcod/country-profile/republic-of-the-congo,Source: Energy Intelligence,"COPYRIGHT © 2001-2021 ENERGY INTELLIGENCE GROUP, INC. / ENERGY INTELLIGENCE GROUP (UK) LIMITED.",Production ('000 b/d),2023,245
Congo (Brazzaville),https://www.energyintel.com/wcod/country-profile/republic-of-the-congo,Source: Energy Intelligence,"COPYRIGHT © 2001-2021 ENERGY INTELLIGENCE GROUP, INC. / ENERGY INTELLIGENCE GROUP (UK) LIMITED.",Production ('000 b/d),2024,246
Congo (Brazzaville),https://www.energyintel.com/wcod/country-profile/republic-of-the-congo,Source: Energy Intelligence,"COPYRIGHT © 2001-2021 ENERGY INTELLIGENCE GROUP, INC. / ENERGY INTELLIGENCE GROUP (UK) LIMITED.",R/P Ratio (Year),2023,20.251607492
Congo (Brazzaville),https://www.energyintel.com/wcod/country-profile/republic-of-the-congo,Source: Energy Intelligence,"COPYRIGHT © 2001-2021 ENERGY INTELLIGENCE GROUP, INC. / ENERGY INTELLIGENCE GROUP (UK) LIMITED.",R/P Ratio (Year),2024,20.169283885
Congo (Brazzaville),https://www.energyintel.com/wcod/country-profile/republic-of-the-congo,Source: Energy Intelligence,"COPYRIGHT © 2001-2021 ENERGY INTELLIGENCE GROUP, INC. / ENERGY INTELLIGENCE GROUP (UK) LIMITED.",Reserves (Billion bbl),2023,1.811
Congo (Brazzaville),https://www.energyintel.com/wcod/country-profile/republic-of-the-congo,Source: Energy Intelligence,"COPYRIGHT © 2001-2021 ENERGY INTELLIGENCE GROUP, INC. / ENERGY INTELLIGENCE GROUP (UK) LIMITED.",Reserves (Billion bbl),2024,1.811
Denmark,https://www.energyintel.com/wcod/country-profile/denmark,Source: Energy Intelligence,"COPYRIGHT © 2001-2021 ENERGY INTELLIGENCE GROUP, INC. / ENERGY INTELLIGENCE GROUP (UK) LIMITED.",Exports ('000 b/d),2023,4.5
Denmark,https://www.energyintel.com/wcod/country-profile/denmark,Source: Energy Intelligence,"COPYRIGHT © 2001-2021 ENERGY INTELLIGENCE GROUP, INC. / ENERGY INTELLIGENCE GROUP (UK) LIMITED.",Exports ('000 b/d),2024,15.1
Denmark,https://www.energyintel.com/wcod/country-profile/denmark,Source: Energy Intelligence,"COPYRIGHT © 2001-2021 ENERGY INTELLIGENCE GROUP, INC. / ENERGY INTELLIGENCE GROUP (UK) LIMITED.",Production ('000 b/d),2023,58
Denmark,https://www.energyintel.com/wcod/country-profile/denmark,Source: Energy Intelligence,"COPYRIGHT © 2001-2021 ENERGY INTELLIGENCE GROUP, INC. / ENERGY INTELLIGENCE GROUP (UK) LIMITED.",Production ('000 b/d),2024,63
Denmark,https://www.energyintel.com/wcod/country-profile/denmark,Source: Energy Intelligence,"COPYRIGHT © 2001-2021 ENERGY INTELLIGENCE GROUP, INC. / ENERGY INTELLIGENCE GROUP (UK) LIMITED.",R/P Ratio (Year),2023,16.060462919
Denmark,https://www.energyintel.com/wcod/country-profile/denmark,Source: Energy Intelligence,"COPYRIGHT © 2001-2021 ENERGY INTELLIGENCE GROUP, INC. / ENERGY INTELLIGENCE GROUP (UK) LIMITED.",R/P Ratio (Year),2024,14.785823005
Denmark,https://www.energyintel.com/wcod/country-profile/denmark,Source: Energy Intelligence,"COPYRIGHT © 2001-2021 ENERGY INTELLIGENCE GROUP, INC. / ENERGY INTELLIGENCE GROUP (UK) LIMITED.",Reserves (Billion bbl),2023,0.34
Denmark,https://www.energyintel.com/wcod/country-profile/denmark,Source: Energy Intelligence,"COPYRIGHT © 2001-2021 ENERGY INTELLIGENCE GROUP, INC. / ENERGY INTELLIGENCE GROUP (UK) LIMITED.",Reserves (Billion bbl),2024,0.34
Dubai,https://www.energyintel.com/wcod/country-profile/dubai,Source: Energy Intelligence,"COPYRIGHT © 2001-2021 ENERGY INTELLIGENCE GROUP, INC. / ENERGY INTELLIGENCE GROUP (UK) LIMITED.",Exports ('000 b/d),2023,21
Dubai,https://www.energyintel.com/wcod/country-profile/dubai,Source: Energy Intelligence,"COPYRIGHT © 2001-2021 ENERGY INTELLIGENCE GROUP, INC. / ENERGY INTELLIGENCE GROUP (UK) LIMITED.",Exports ('000 b/d),2024,21
Dubai,https://www.energyintel.com/wcod/country-profile/dubai,Source: Energy Intelligence,"COPYRIGHT © 2001-2021 ENERGY INTELLIGENCE GROUP, INC. / ENERGY INTELLIGENCE GROUP (UK) LIMITED.",Production ('000 b/d),2023,21
Dubai,https://www.energyintel.com/wcod/country-profile/dubai,Source: Energy Intelligence,"COPYRIGHT © 2001-2021 ENERGY INTELLIGENCE GROUP, INC. / ENERGY INTELLIGENCE GROUP (UK) LIMITED.",Production ('000 b/d),2024,21
Dubai,https://www.energyintel.com/wcod/country-profile/dubai,Source: Energy Intelligence,"COPYRIGHT © 2001-2021 ENERGY INTELLIGENCE GROUP, INC. / ENERGY INTELLIGENCE GROUP (UK) LIMITED.",R/P Ratio (Year),2023,260.926288324
Dubai,https://www.energyintel.com/wcod/country-profile/dubai,Source: Energy Intelligence,"COPYRIGHT © 2001-2021 ENERGY INTELLIGENCE GROUP, INC. / ENERGY INTELLIGENCE GROUP (UK) LIMITED.",R/P Ratio (Year),2024,260.926288324
Dubai,https://www.energyintel.com/wcod/country-profile/dubai,Source: Energy Intelligence,"COPYRIGHT © 2001-2021 ENERGY INTELLIGENCE GROUP, INC. / ENERGY INTELLIGENCE GROUP (UK) LIMITED.",Reserves (Billion bbl),2023,2
Dubai,https://www.energyintel.com/wcod/country-profile/dubai,Source: Energy Intelligence,"COPYRIGHT © 2001-2021 ENERGY INTELLIGENCE GROUP, INC. / ENERGY INTELLIGENCE GROUP (UK) LIMITED.",Reserves (Billion bbl),2024,2
Ecuador,https://www.energyintel.com/wcod/country-profile/ecuador,Source: Energy Intelligence,"COPYRIGHT © 2001-2021 ENERGY INTELLIGENCE GROUP, INC. / ENERGY INTELLIGENCE GROUP (UK) LIMITED.",Exports ('000 b/d),2023,315
Ecuador,https://www.energyintel.com/wcod/country-profile/ecuador,Source: Energy Intelligence,"COPYRIGHT © 2001-2021 ENERGY INTELLIGENCE GROUP, INC. / ENERGY INTELLIGENCE GROUP (UK) LIMITED.",Exports ('000 b/d),2024,346
Ecuador,https://www.energyintel.com/wcod/country-profile/ecuador,Source: Energy Intelligence,"COPYRIGHT © 2001-2021 ENERGY INTELLIGENCE GROUP, INC. / ENERGY INTELLIGENCE GROUP (UK) LIMITED.",Production ('000 b/d),2023,475
Ecuador,https://www.energyintel.com/wcod/country-profile/ecuador,Source: Energy Intelligence,"COPYRIGHT © 2001-2021 ENERGY INTELLIGENCE GROUP, INC. / ENERGY INTELLIGENCE GROUP (UK) LIMITED.",Production ('000 b/d),2024,475
Ecuador,https://www.energyintel.com/wcod/country-profile/ecuador,Source: Energy Intelligence,"COPYRIGHT © 2001-2021 ENERGY INTELLIGENCE GROUP, INC. / ENERGY INTELLIGENCE GROUP (UK) LIMITED.",R/P Ratio (Year),2023,9.401586157
Ecuador,https://www.energyintel.com/wcod/country-profile/ecuador,Source: Energy Intelligence,"COPYRIGHT © 2001-2021 ENERGY INTELLIGENCE GROUP, INC. / ENERGY INTELLIGENCE GROUP (UK) LIMITED.",R/P Ratio (Year),2024,9.401586157
Ecuador,https://www.energyintel.com/wcod/country-profile/ecuador,Source: Energy Intelligence,"COPYRIGHT © 2001-2021 ENERGY INTELLIGENCE GROUP, INC. / ENERGY INTELLIGENCE GROUP (UK) LIMITED.",Reserves (Billion bbl),2023,1.63
Ecuador,https://www.energyintel.com/wcod/country-profile/ecuador,Source: Energy Intelligence,"COPYRIGHT © 2001-2021 ENERGY INTELLIGENCE GROUP, INC. / ENERGY INTELLIGENCE GROUP (UK) LIMITED.",Reserves (Billion bbl),2024,1.63
Egypt,https://www.energyintel.com/wcod/country-profile/egypt,Source: Energy Intelligence,"COPYRIGHT © 2001-2021 ENERGY INTELLIGENCE GROUP, INC. / ENERGY INTELLIGENCE GROUP (UK) LIMITED.",Exports ('000 b/d),2023,75.42
Egypt,https://www.energyintel.com/wcod/country-profile/egypt,Source: Energy Intelligence,"COPYRIGHT © 2001-2021 ENERGY INTELLIGENCE GROUP, INC. / ENERGY INTELLIGENCE GROUP (UK) LIMITED.",Exports ('000 b/d),2024,37.67
Egypt,https://www.energyintel.com/wcod/country-profile/egypt,Source: Energy Intelligence,"COPYRIGHT © 2001-2021 ENERGY INTELLIGENCE GROUP, INC. / ENERGY INTELLIGENCE GROUP (UK) LIMITED.",Production ('000 b/d),2023,564
Egypt,https://www.energyintel.com/wcod/country-profile/egypt,Source: Energy Intelligence,"COPYRIGHT © 2001-2021 ENERGY INTELLIGENCE GROUP, INC. / ENERGY INTELLIGENCE GROUP (UK) LIMITED.",Production ('000 b/d),2024,536.87
Egypt,https://www.energyintel.com/wcod/country-profile/egypt,Source: Energy Intelligence,"COPYRIGHT © 2001-2021 ENERGY INTELLIGENCE GROUP, INC. / ENERGY INTELLIGENCE GROUP (UK) LIMITED.",R/P Ratio (Year),2023,16.030311862
Egypt,https://www.energyintel.com/wcod/country-profile/egypt,Source: Energy Intelligence,"COPYRIGHT © 2001-2021 ENERGY INTELLIGENCE GROUP, INC. / ENERGY INTELLIGENCE GROUP (UK) LIMITED.",R/P Ratio (Year),2024,16.840382011
Egypt,https://www.energyintel.com/wcod/country-profile/egypt,Source: Energy Intelligence,"COPYRIGHT © 2001-2021 ENERGY INTELLIGENCE GROUP, INC. / ENERGY INTELLIGENCE GROUP (UK) LIMITED.",Reserves (Billion bbl),2023,3.3
Egypt,https://www.energyintel.com/wcod/country-profile/egypt,Source: Energy Intelligence,"COPYRIGHT © 2001-2021 ENERGY INTELLIGENCE GROUP, INC. / ENERGY INTELLIGENCE GROUP (UK) LIMITED.",Reserves (Billion bbl),2024,3.3
Equatorial Guinea,https://www.energyintel.com/wcod/country-profile/equatorial-guinea,Source: Energy Intelligence,"COPYRIGHT © 2001-2021 ENERGY INTELLIGENCE GROUP, INC. / ENERGY INTELLIGENCE GROUP (UK) LIMITED.",Exports ('000 b/d),2023,66.29
Equatorial Guinea,https://www.energyintel.com/wcod/country-profile/equatorial-guinea,Source: Energy Intelligence,"COPYRIGHT © 2001-2021 ENERGY INTELLIGENCE GROUP, INC. / ENERGY INTELLIGENCE GROUP (UK) LIMITED.",Exports ('000 b/d),2024,67.8
Equatorial Guinea,https://www.energyintel.com/wcod/country-profile/equatorial-guinea,Source: Energy Intelligence,"COPYRIGHT © 2001-2021 ENERGY INTELLIGENCE GROUP, INC. / ENERGY INTELLIGENCE GROUP (UK) LIMITED.",Production ('000 b/d),2023,69
Equatorial Guinea,https://www.energyintel.com/wcod/country-profile/equatorial-guinea,Source: Energy Intelligence,"COPYRIGHT © 2001-2021 ENERGY INTELLIGENCE GROUP, INC. / ENERGY INTELLIGENCE GROUP (UK) LIMITED.",Production ('000 b/d),2024,70
Equatorial Guinea,https://www.energyintel.com/wcod/country-profile/equatorial-guinea,Source: Energy Intelligence,"COPYRIGHT © 2001-2021 ENERGY INTELLIGENCE GROUP, INC. / ENERGY INTELLIGENCE GROUP (UK) LIMITED.",R/P Ratio (Year),2023,43.676791741
Equatorial Guinea,https://www.energyintel.com/wcod/country-profile/equatorial-guinea,Source: Energy Intelligence,"COPYRIGHT © 2001-2021 ENERGY INTELLIGENCE GROUP, INC. / ENERGY INTELLIGENCE GROUP (UK) LIMITED.",R/P Ratio (Year),2024,43.052837573
Equatorial Guinea,https://www.energyintel.com/wcod/country-profile/equatorial-guinea,Source: Energy Intelligence,"COPYRIGHT © 2001-2021 ENERGY INTELLIGENCE GROUP, INC. / ENERGY INTELLIGENCE GROUP (UK) LIMITED.",Reserves (Billion bbl),2023,1.1
Equatorial Guinea,https://www.energyintel.com/wcod/country-profile/equatorial-guinea,Source: Energy Intelligence,"COPYRIGHT © 2001-2021 ENERGY INTELLIGENCE GROUP, INC. / ENERGY INTELLIGENCE GROUP (UK) LIMITED.",Reserves (Billion bbl),2024,1.1
Gabon,https://www.energyintel.com/wcod/country-profile/gabon,Source: Energy Intelligence,"COPYRIGHT © 2001-2021 ENERGY INTELLIGENCE GROUP, INC. / ENERGY INTELLIGENCE GROUP (UK) LIMITED.",Exports ('000 b/d),2023,200
Gabon,https://www.energyintel.com/wcod/country-profile/gabon,Source: Energy Intelligence,"COPYRIGHT © 2001-2021 ENERGY INTELLIGENCE GROUP, INC. / ENERGY INTELLIGENCE GROUP (UK) LIMITED.",Exports ('000 b/d),2024,198
Gabon,https://www.energyintel.com/wcod/country-profile/gabon,Source: Energy Intelligence,"COPYRIGHT © 2001-2021 ENERGY INTELLIGENCE GROUP, INC. / ENERGY INTELLIGENCE GROUP (UK) LIMITED.",Production ('000 b/d),2023,214
Gabon,https://www.energyintel.com/wcod/country-profile/gabon,Source: Energy Intelligence,"COPYRIGHT © 2001-2021 ENERGY INTELLIGENCE GROUP, INC. / ENERGY INTELLIGENCE GROUP (UK) LIMITED.",Production ('000 b/d),2024,212
Gabon,https://www.energyintel.com/wcod/country-profile/gabon,Source: Energy Intelligence,"COPYRIGHT © 2001-2021 ENERGY INTELLIGENCE GROUP, INC. / ENERGY INTELLIGENCE GROUP (UK) LIMITED.",R/P Ratio (Year),2023,25.604916144
Gabon,https://www.energyintel.com/wcod/country-profile/gabon,Source: Energy Intelligence,"COPYRIGHT © 2001-2021 ENERGY INTELLIGENCE GROUP, INC. / ENERGY INTELLIGENCE GROUP (UK) LIMITED.",R/P Ratio (Year),2024,25.846471957
Gabon,https://www.energyintel.com/wcod/country-profile/gabon,Source: Energy Intelligence,"COPYRIGHT © 2001-2021 ENERGY INTELLIGENCE GROUP, INC. / ENERGY INTELLIGENCE GROUP (UK) LIMITED.",Reserves (Billion bbl),2023,2
Gabon,https://www.energyintel.com/wcod/country-profile/gabon,Source: Energy Intelligence,"COPYRIGHT © 2001-2021 ENERGY INTELLIGENCE GROUP, INC. / ENERGY INTELLIGENCE GROUP (UK) LIMITED.",Reserves (Billion bbl),2024,2
Ghana,https://www.energyintel.com/wcod/country-profile/ghana,Source: Energy Intelligence,"COPYRIGHT © 2001-2021 ENERGY INTELLIGENCE GROUP, INC. / ENERGY INTELLIGENCE GROUP (UK) LIMITED.",Exports ('000 b/d),2023,130.13
Ghana,https://www.energyintel.com/wcod/country-profile/ghana,Source: Energy Intelligence,"COPYRIGHT © 2001-2021 ENERGY INTELLIGENCE GROUP, INC. / ENERGY INTELLIGENCE GROUP (UK) LIMITED.",Exports ('000 b/d),2024,127
Ghana,https://www.energyintel.com/wcod/country-profile/ghana,Source: Energy Intelligence,"COPYRIGHT © 2001-2021 ENERGY INTELLIGENCE GROUP, INC. / ENERGY INTELLIGENCE GROUP (UK) LIMITED.",Production ('000 b/d),2023,137
Ghana,https://www.energyintel.com/wcod/country-profile/ghana,Source: Energy Intelligence,"COPYRIGHT © 2001-2021 ENERGY INTELLIGENCE GROUP, INC. / ENERGY INTELLIGENCE GROUP (UK) LIMITED.",Production ('000 b/d),2024,142
Ghana,https://www.energyintel.com/wcod/country-profile/ghana,Source: Energy Intelligence,"COPYRIGHT © 2001-2021 ENERGY INTELLIGENCE GROUP, INC. / ENERGY INTELLIGENCE GROUP (UK) LIMITED.",R/P Ratio (Year),2023,41.995800420
Ghana,https://www.energyintel.com/wcod/country-profile/ghana,Source: Energy Intelligence,"COPYRIGHT © 2001-2021 ENERGY INTELLIGENCE GROUP, INC. / ENERGY INTELLIGENCE GROUP (UK) LIMITED.",R/P Ratio (Year),2024,40.517075053
Ghana,https://www.energyintel.com/wcod/country-profile/ghana,Source: Energy Intelligence,"COPYRIGHT © 2001-2021 ENERGY INTELLIGENCE GROUP, INC. / ENERGY INTELLIGENCE GROUP (UK) LIMITED.",Reserves (Billion bbl),2023,2.1
Ghana,https://www.energyintel.com/wcod/country-profile/ghana,Source: Energy Intelligence,"COPYRIGHT © 2001-2021 ENERGY INTELLIGENCE GROUP, INC. / ENERGY INTELLIGENCE GROUP (UK) LIMITED.",Reserves (Billion bbl),2024,2.1
Guyana,https://www.energyintel.com/wcod/country-profile/guyana,Source: Energy Intelligence,"COPYRIGHT © 2001-2021 ENERGY INTELLIGENCE GROUP, INC. / ENERGY INTELLIGENCE GROUP (UK) LIMITED.",Exports ('000 b/d),2023,391.25
Guyana,https://www.energyintel.com/wcod/country-profile/guyana,Source: Energy Intelligence,"COPYRIGHT © 2001-2021 ENERGY INTELLIGENCE GROUP, INC. / ENERGY INTELLIGENCE GROUP (UK) LIMITED.",Exports ('000 b/d),2024,616
Guyana,https://www.energyintel.com/wcod/country-profile/guyana,Source: Energy Intelligence,"COPYRIGHT © 2001-2021 ENERGY INTELLIGENCE GROUP, INC. / ENERGY INTELLIGENCE GROUP (UK) LIMITED.",Production ('000 b/d),2023,391
Guyana,https://www.energyintel.com/wcod/country-profile/guyana,Source: Energy Intelligence,"COPYRIGHT © 2001-2021 ENERGY INTELLIGENCE GROUP, INC. / ENERGY INTELLIGENCE GROUP (UK) LIMITED.",Production ('000 b/d),2024,616
Guyana,https://www.energyintel.com/wcod/country-profile/guyana,Source: Energy Intelligence,"COPYRIGHT © 2001-2021 ENERGY INTELLIGENCE GROUP, INC. / ENERGY INTELLIGENCE GROUP (UK) LIMITED.",R/P Ratio (Year),2023,77.076691308
Guyana,https://www.energyintel.com/wcod/country-profile/guyana,Source: Energy Intelligence,"COPYRIGHT © 2001-2021 ENERGY INTELLIGENCE GROUP, INC. / ENERGY INTELLIGENCE GROUP (UK) LIMITED.",R/P Ratio (Year),2024,48.923679061
Guyana,https://www.energyintel.com/wcod/country-profile/guyana,Source: Energy Intelligence,"COPYRIGHT © 2001-2021 ENERGY INTELLIGENCE GROUP, INC. / ENERGY INTELLIGENCE GROUP (UK) LIMITED.",Reserves (Billion bbl),2023,11
Guyana,https://www.energyintel.com/wcod/country-profile/guyana,Source: Energy Intelligence,"COPYRIGHT © 2001-2021 ENERGY INTELLIGENCE GROUP, INC. / ENERGY INTELLIGENCE GROUP (UK) LIMITED.",Reserves (Billion bbl),2024,11
Indonesia,https://www.energyintel.com/wcod/country-profile/indonesia,Source: Energy Intelligence,"COPYRIGHT © 2001-2021 ENERGY INTELLIGENCE GROUP, INC. / ENERGY INTELLIGENCE GROUP (UK) LIMITED.",Exports ('000 b/d),2023,52.4
Indonesia,https://www.energyintel.com/wcod/country-profile/indonesia,Source: Energy Intelligence,"COPYRIGHT © 2001-2021 ENERGY INTELLIGENCE GROUP, INC. / ENERGY INTELLIGENCE GROUP (UK) LIMITED.",Exports ('000 b/d),2024,63.9
Indonesia,https://www.energyintel.com/wcod/country-profile/indonesia,Source: Energy Intelligence,"COPYRIGHT © 2001-2021 ENERGY INTELLIGENCE GROUP, INC. / ENERGY INTELLIGENCE GROUP (UK) LIMITED.",Production ('000 b/d),2023,606.7
Indonesia,https://www.energyintel.com/wcod/country-profile/indonesia,Source: Energy Intelligence,"COPYRIGHT © 2001-2021 ENERGY INTELLIGENCE GROUP, INC. / ENERGY INTELLIGENCE GROUP (UK) LIMITED.",Production ('000 b/d),2024,582
Indonesia,https://www.energyintel.com/wcod/country-profile/indonesia,Source: Energy Intelligence,"COPYRIGHT © 2001-2021 ENERGY INTELLIGENCE GROUP, INC. / ENERGY INTELLIGENCE GROUP (UK) LIMITED.",R/P Ratio (Year),2023,10.160513535
Indonesia,https://www.energyintel.com/wcod/country-profile/indonesia,Source: Energy Intelligence,"COPYRIGHT © 2001-2021 ENERGY INTELLIGENCE GROUP, INC. / ENERGY INTELLIGENCE GROUP (UK) LIMITED.",R/P Ratio (Year),2024,10.685872993
Indonesia,https://www.energyintel.com/wcod/country-profile/indonesia,Source: Energy Intelligence,"COPYRIGHT © 2001-2021 ENERGY INTELLIGENCE GROUP, INC. / ENERGY INTELLIGENCE GROUP (UK) LIMITED.",Reserves (Billion bbl),2023,2.25
Indonesia,https://www.energyintel.com/wcod/country-profile/indonesia,Source: Energy Intelligence,"COPYRIGHT © 2001-2021 ENERGY INTELLIGENCE GROUP, INC. / ENERGY INTELLIGENCE GROUP (UK) LIMITED.",Reserves (Billion bbl),2024,2.27
Iran,https://www.energyintel.com/wcod/country-profile/iran,Source: Energy Intelligence,"COPYRIGHT © 2001-2021 ENERGY INTELLIGENCE GROUP, INC. / ENERGY INTELLIGENCE GROUP (UK) LIMITED.",Exports ('000 b/d),2023,1433
Iran,https://www.energyintel.com/wcod/country-profile/iran,Source: Energy Intelligence,"COPYRIGHT © 2001-2021 ENERGY INTELLIGENCE GROUP, INC. / ENERGY INTELLIGENCE GROUP (UK) LIMITED.",Exports ('000 b/d),2024,1685
Iran,https://www.energyintel.com/wcod/country-profile/iran,Source: Energy Intelligence,"COPYRIGHT © 2001-2021 ENERGY INTELLIGENCE GROUP, INC. / ENERGY INTELLIGENCE GROUP (UK) LIMITED.",Production ('000 b/d),2023,3574
Iran,https://www.energyintel.com/wcod/country-profile/iran,Source: Energy Intelligence,"COPYRIGHT © 2001-2021 ENERGY INTELLIGENCE GROUP, INC. / ENERGY INTELLIGENCE GROUP (UK) LIMITED.",Production ('000 b/d),2024,4049
Iran,https://www.energyintel.com/wcod/country-profile/iran,Source: Energy Intelligence,"COPYRIGHT © 2001-2021 ENERGY INTELLIGENCE GROUP, INC. / ENERGY INTELLIGENCE GROUP (UK) LIMITED.",R/P Ratio (Year),2023,159.906784923
Iran,https://www.energyintel.com/wcod/country-profile/iran,Source: Energy Intelligence,"COPYRIGHT © 2001-2021 ENERGY INTELLIGENCE GROUP, INC. / ENERGY INTELLIGENCE GROUP (UK) LIMITED.",R/P Ratio (Year),2024,141.147653573
Iran,https://www.energyintel.com/wcod/country-profile/iran,Source: Energy Intelligence,"COPYRIGHT © 2001-2021 ENERGY INTELLIGENCE GROUP, INC. / ENERGY INTELLIGENCE GROUP (UK) LIMITED.",Reserves (Billion bbl),2023,208.6
Iran,https://www.energyintel.com/wcod/country-profile/iran,Source: Energy Intelligence,"COPYRIGHT © 2001-2021 ENERGY INTELLIGENCE GROUP, INC. / ENERGY INTELLIGENCE GROUP (UK) LIMITED.",Reserves (Billion bbl),2024,208.6
Iraq,https://www.energyintel.com/wcod/country-profile/iraq,Source: Energy Intelligence,"COPYRIGHT © 2001-2021 ENERGY INTELLIGENCE GROUP, INC. / ENERGY INTELLIGENCE GROUP (UK) LIMITED.",Exports ('000 b/d),2023,3444
Iraq,https://www.energyintel.com/wcod/country-profile/iraq,Source: Energy Intelligence,"COPYRIGHT © 2001-2021 ENERGY INTELLIGENCE GROUP, INC. / ENERGY INTELLIGENCE GROUP (UK) LIMITED.",Exports ('000 b/d),2024,3367
Iraq,https://www.energyintel.com/wcod/country-profile/iraq,Source: Energy Intelligence,"COPYRIGHT © 2001-2021 ENERGY INTELLIGENCE GROUP, INC. / ENERGY INTELLIGENCE GROUP (UK) LIMITED.",Production ('000 b/d),2023,4217
Iraq,https://www.energyintel.com/wcod/country-profile/iraq,Source: Energy Intelligence,"COPYRIGHT © 2001-2021 ENERGY INTELLIGENCE GROUP, INC. / ENERGY INTELLIGENCE GROUP (UK) LIMITED.",Production ('000 b/d),2024,4119
Iraq,https://www.energyintel.com/wcod/country-profile/iraq,Source: Energy Intelligence,"COPYRIGHT © 2001-2021 ENERGY INTELLIGENCE GROUP, INC. / ENERGY INTELLIGENCE GROUP (UK) LIMITED.",R/P Ratio (Year),2023,94.217469408
Iraq,https://www.energyintel.com/wcod/country-profile/iraq,Source: Energy Intelligence,"COPYRIGHT © 2001-2021 ENERGY INTELLIGENCE GROUP, INC. / ENERGY INTELLIGENCE GROUP (UK) LIMITED.",R/P Ratio (Year),2024,96.459108641
Iraq,https://www.energyintel.com/wcod/country-profile/iraq,Source: Energy Intelligence,"COPYRIGHT © 2001-2021 ENERGY INTELLIGENCE GROUP, INC. / ENERGY INTELLIGENCE GROUP (UK) LIMITED.",Reserves (Billion bbl),2023,145.02
Iraq,https://www.energyintel.com/wcod/country-profile/iraq,Source: Energy Intelligence,"COPYRIGHT © 2001-2021 ENERGY INTELLIGENCE GROUP, INC. / ENERGY INTELLIGENCE GROUP (UK) LIMITED.",Reserves (Billion bbl),2024,145.02
Kazakhstan,https://www.energyintel.com/wcod/country-profile/kazakhstan,Source: Energy Intelligence,"COPYRIGHT © 2001-2021 ENERGY INTELLIGENCE GROUP, INC. / ENERGY INTELLIGENCE GROUP (UK) LIMITED.",Exports ('000 b/d),2023,1512
Kazakhstan,https://www.energyintel.com/wcod/country-profile/kazakhstan,Source: Energy Intelligence,"COPYRIGHT © 2001-2021 ENERGY INTELLIGENCE GROUP, INC. / ENERGY INTELLIGENCE GROUP (UK) LIMITED.",Exports ('000 b/d),2024,1463
Kazakhstan,https://www.energyintel.com/wcod/country-profile/kazakhstan,Source: Energy Intelligence,"COPYRIGHT © 2001-2021 ENERGY INTELLIGENCE GROUP, INC. / ENERGY INTELLIGENCE GROUP (UK) LIMITED.",Production ('000 b/d),2023,1880
Kazakhstan,https://www.energyintel.com/wcod/country-profile/kazakhstan,Source: Energy Intelligence,"COPYRIGHT © 2001-2021 ENERGY INTELLIGENCE GROUP, INC. / ENERGY INTELLIGENCE GROUP (UK) LIMITED.",Production ('000 b/d),2024,1827
Kazakhstan,https://www.energyintel.com/wcod/country-profile/kazakhstan,Source: Energy Intelligence,"COPYRIGHT © 2001-2021 ENERGY INTELLIGENCE GROUP, INC. / ENERGY INTELLIGENCE GROUP (UK) LIMITED.",R/P Ratio (Year),2023,43.719032352
Kazakhstan,https://www.energyintel.com/wcod/country-profile/kazakhstan,Source: Energy Intelligence,"COPYRIGHT © 2001-2021 ENERGY INTELLIGENCE GROUP, INC. / ENERGY INTELLIGENCE GROUP (UK) LIMITED.",R/P Ratio (Year),2024,44.987291090
Kazakhstan,https://www.energyintel.com/wcod/country-profile/kazakhstan,Source: Energy Intelligence,"COPYRIGHT © 2001-2021 ENERGY INTELLIGENCE GROUP, INC. / ENERGY INTELLIGENCE GROUP (UK) LIMITED.",Reserves (Billion bbl),2023,30
Kazakhstan,https://www.energyintel.com/wcod/country-profile/kazakhstan,Source: Energy Intelligence,"COPYRIGHT © 2001-2021 ENERGY INTELLIGENCE GROUP, INC. / ENERGY INTELLIGENCE GROUP (UK) LIMITED.",Reserves (Billion bbl),2024,30
Kuwait,https://www.energyintel.com/wcod/country-profile/kuwait,Source: Energy Intelligence,"COPYRIGHT © 2001-2021 ENERGY INTELLIGENCE GROUP, INC. / ENERGY INTELLIGENCE GROUP (UK) LIMITED.",Exports ('000 b/d),2023,1596.33
Kuwait,https://www.energyintel.com/wcod/country-profile/kuwait,Source: Energy Intelligence,"COPYRIGHT © 2001-2021 ENERGY INTELLIGENCE GROUP, INC. / ENERGY INTELLIGENCE GROUP (UK) LIMITED.",Exports ('000 b/d),2024,1306
Kuwait,https://www.energyintel.com/wcod/country-profile/kuwait,Source: Energy Intelligence,"COPYRIGHT © 2001-2021 ENERGY INTELLIGENCE GROUP, INC. / ENERGY INTELLIGENCE GROUP (UK) LIMITED.",Production ('000 b/d),2023,2594.75
Kuwait,https://www.energyintel.com/wcod/country-profile/kuwait,Source: Energy Intelligence,"COPYRIGHT © 2001-2021 ENERGY INTELLIGENCE GROUP, INC. / ENERGY INTELLIGENCE GROUP (UK) LIMITED.",Production ('000 b/d),2024,2417.5
Kuwait,https://www.energyintel.com/wcod/country-profile/kuwait,Source: Energy Intelligence,"COPYRIGHT © 2001-2021 ENERGY INTELLIGENCE GROUP, INC. / ENERGY INTELLIGENCE GROUP (UK) LIMITED.",R/P Ratio (Year),2023,107.171092314
Kuwait,https://www.energyintel.com/wcod/country-profile/kuwait,Source: Energy Intelligence,"COPYRIGHT © 2001-2021 ENERGY INTELLIGENCE GROUP, INC. / ENERGY INTELLIGENCE GROUP (UK) LIMITED.",R/P Ratio (Year),2024,115.028828038
Kuwait,https://www.energyintel.com/wcod/country-profile/kuwait,Source: Energy Intelligence,"COPYRIGHT © 2001-2021 ENERGY INTELLIGENCE GROUP, INC. / ENERGY INTELLIGENCE GROUP (UK) LIMITED.",Reserves (Billion bbl),2023,101.5
Kuwait,https://www.energyintel.com/wcod/country-profile/kuwait,Source: Energy Intelligence,"COPYRIGHT © 2001-2021 ENERGY INTELLIGENCE GROUP, INC. / ENERGY INTELLIGENCE GROUP (UK) LIMITED.",Reserves (Billion bbl),2024,101.5
Libya,https://www.energyintel.com/wcod/country-profile/libya,Source: Energy Intelligence,"COPYRIGHT © 2001-2021 ENERGY INTELLIGENCE GROUP, INC. / ENERGY INTELLIGENCE GROUP (UK) LIMITED.",Exports ('000 b/d),2023,1146
Libya,https://www.energyintel.com/wcod/country-profile/libya,Source: Energy Intelligence,"COPYRIGHT © 2001-2021 ENERGY INTELLIGENCE GROUP, INC. / ENERGY INTELLIGENCE GROUP (UK) LIMITED.",Exports ('000 b/d),2024,992
Libya,https://www.energyintel.com/wcod/country-profile/libya,Source: Energy Intelligence,"COPYRIGHT © 2001-2021 ENERGY INTELLIGENCE GROUP, INC. / ENERGY INTELLIGENCE GROUP (UK) LIMITED.",Production ('000 b/d),2023,1200
Libya,https://www.energyintel.com/wcod/country-profile/libya,Source: Energy Intelligence,"COPYRIGHT © 2001-2021 ENERGY INTELLIGENCE GROUP, INC. / ENERGY INTELLIGENCE GROUP (UK) LIMITED.",Production ('000 b/d),2024,1123
Libya,https://www.energyintel.com/wcod/country-profile/libya,Source: Energy Intelligence,"COPYRIGHT © 2001-2021 ENERGY INTELLIGENCE GROUP, INC. / ENERGY INTELLIGENCE GROUP (UK) LIMITED.",R/P Ratio (Year),2023,110.273972603
Libya,https://www.energyintel.com/wcod/country-profile/libya,Source: Energy Intelligence,"COPYRIGHT © 2001-2021 ENERGY INTELLIGENCE GROUP, INC. / ENERGY INTELLIGENCE GROUP (UK) LIMITED.",R/P Ratio (Year),2024,118.079020237
Libya,https://www.energyintel.com/wcod/country-profile/libya,Source: Energy Intelligence,"COPYRIGHT © 2001-2021 ENERGY INTELLIGENCE GROUP, INC. / ENERGY INTELLIGENCE GROUP (UK) LIMITED.",Reserves (Billion bbl),2023,48.300000000
Libya,https://www.energyintel.com/wcod/country-profile/libya,Source: Energy Intelligence,"COPYRIGHT © 2001-2021 ENERGY INTELLIGENCE GROUP, INC. / ENERGY INTELLIGENCE GROUP (UK) LIMITED.",Reserves (Billion bbl),2024,48.4
Malaysia,https://www.energyintel.com/wcod/country-profile/malaysia,Source: Energy Intelligence,"COPYRIGHT © 2001-2021 ENERGY INTELLIGENCE GROUP, INC. / ENERGY INTELLIGENCE GROUP (UK) LIMITED.",Exports ('000 b/d),2023,210.75
Malaysia,https://www.energyintel.com/wcod/country-profile/malaysia,Source: Energy Intelligence,"COPYRIGHT © 2001-2021 ENERGY INTELLIGENCE GROUP, INC. / ENERGY INTELLIGENCE GROUP (UK) LIMITED.",Exports ('000 b/d),2024,219.5
Malaysia,https://www.energyintel.com/wcod/country-profile/malaysia,Source: Energy Intelligence,"COPYRIGHT © 2001-2021 ENERGY INTELLIGENCE GROUP, INC. / ENERGY INTELLIGENCE GROUP (UK) LIMITED.",Production ('000 b/d),2023,374
Malaysia,https://www.energyintel.com/wcod/country-profile/malaysia,Source: Energy Intelligence,"COPYRIGHT © 2001-2021 ENERGY INTELLIGENCE GROUP, INC. / ENERGY INTELLIGENCE GROUP (UK) LIMITED.",Production ('000 b/d),2024,344
Malaysia,https://www.energyintel.com/wcod/country-profile/malaysia,Source: Energy Intelligence,"COPYRIGHT © 2001-2021 ENERGY INTELLIGENCE GROUP, INC. / ENERGY INTELLIGENCE GROUP (UK) LIMITED.",R/P Ratio (Year),2023,19.778770786
Malaysia,https://www.energyintel.com/wcod/country-profile/malaysia,Source: Energy Intelligence,"COPYRIGHT © 2001-2021 ENERGY INTELLIGENCE GROUP, INC. / ENERGY INTELLIGENCE GROUP (UK) LIMITED.",R/P Ratio (Year),2024,21.503663587
Malaysia,https://www.energyintel.com/wcod/country-profile/malaysia,Source: Energy Intelligence,"COPYRIGHT © 2001-2021 ENERGY INTELLIGENCE GROUP, INC. / ENERGY INTELLIGENCE GROUP (UK) LIMITED.",Reserves (Billion bbl),2023,2.7
Malaysia,https://www.energyintel.com/wcod/country-profile/malaysia,Source: Energy Intelligence,"COPYRIGHT © 2001-2021 ENERGY INTELLIGENCE GROUP, INC. / ENERGY INTELLIGENCE GROUP (UK) LIMITED.",Reserves (Billion bbl),2024,2.7
Mexico,https://www.energyintel.com/wcod/country-profile/mexico,Source: Energy Intelligence,"COPYRIGHT © 2001-2021 ENERGY INTELLIGENCE GROUP, INC. / ENERGY INTELLIGENCE GROUP (UK) LIMITED.",Exports ('000 b/d),2023,1033
Mexico,https://www.energyintel.com/wcod/country-profile/mexico,Source: Energy Intelligence,"COPYRIGHT © 2001-2021 ENERGY INTELLIGENCE GROUP, INC. / ENERGY INTELLIGENCE GROUP (UK) LIMITED.",Exports ('000 b/d),2024,806
Mexico,https://www.energyintel.com/wcod/country-profile/mexico,Source: Energy Intelligence,"COPYRIGHT © 2001-2021 ENERGY INTELLIGENCE GROUP, INC. / ENERGY INTELLIGENCE GROUP (UK) LIMITED.",Production ('000 b/d),2023,1940
Mexico,https://www.energyintel.com/wcod/country-profile/mexico,Source: Energy Intelligence,"COPYRIGHT © 2001-2021 ENERGY INTELLIGENCE GROUP, INC. / ENERGY INTELLIGENCE GROUP (UK) LIMITED.",Production ('000 b/d),2024,1821
Mexico,https://www.energyintel.com/wcod/country-profile/mexico,Source: Energy Intelligence,"COPYRIGHT © 2001-2021 ENERGY INTELLIGENCE GROUP, INC. / ENERGY INTELLIGENCE GROUP (UK) LIMITED.",R/P Ratio (Year),2023,8.685213953
Mexico,https://www.energyintel.com/wcod/country-profile/mexico,Source: Energy Intelligence,"COPYRIGHT © 2001-2021 ENERGY INTELLIGENCE GROUP, INC. / ENERGY INTELLIGENCE GROUP (UK) LIMITED.",R/P Ratio (Year),2024,8.981968360
Mexico,https://www.energyintel.com/wcod/country-profile/mexico,Source: Energy Intelligence,"COPYRIGHT © 2001-2021 ENERGY INTELLIGENCE GROUP, INC. / ENERGY INTELLIGENCE GROUP (UK) LIMITED.",Reserves (Billion bbl),2023,6.15
Mexico,https://www.energyintel.com/wcod/country-profile/mexico,Source: Energy Intelligence,"COPYRIGHT © 2001-2021 ENERGY INTELLIGENCE GROUP, INC. / ENERGY INTELLIGENCE GROUP (UK) LIMITED.",Reserves (Billion bbl),2024,5.97
Neutral Zone,https://www.energyintel.com/wcod/country-profile/neutral-zone,Source: Energy Intelligence,"COPYRIGHT © 2001-2021 ENERGY INTELLIGENCE GROUP, INC. / ENERGY INTELLIGENCE GROUP (UK) LIMITED.",Exports ('000 b/d),2023,287
Neutral Zone,https://www.energyintel.com/wcod/country-profile/neutral-zone,Source: Energy Intelligence,"COPYRIGHT © 2001-2021 ENERGY INTELLIGENCE GROUP, INC. / ENERGY INTELLIGENCE GROUP (UK) LIMITED.",Exports ('000 b/d),2024,351
Neutral Zone,https://www.energyintel.com/wcod/country-profile/neutral-zone,Source: Energy Intelligence,"COPYRIGHT © 2001-2021 ENERGY INTELLIGENCE GROUP, INC. / ENERGY INTELLIGENCE GROUP (UK) LIMITED.",Production ('000 b/d),2023,287
Neutral Zone,https://www.energyintel.com/wcod/country-profile/neutral-zone,Source: Energy Intelligence,"COPYRIGHT © 2001-2021 ENERGY INTELLIGENCE GROUP, INC. / ENERGY INTELLIGENCE GROUP (UK) LIMITED.",Production ('000 b/d),2024,351
Neutral Zone,https://www.energyintel.com/wcod/country-profile/neutral-zone,Source: Energy Intelligence,"COPYRIGHT © 2001-2021 ENERGY INTELLIGENCE GROUP, INC. / ENERGY INTELLIGENCE GROUP (UK) LIMITED.",R/P Ratio (Year),2023,47.730418596
Neutral Zone,https://www.energyintel.com/wcod/country-profile/neutral-zone,Source: Energy Intelligence,"COPYRIGHT © 2001-2021 ENERGY INTELLIGENCE GROUP, INC. / ENERGY INTELLIGENCE GROUP (UK) LIMITED.",R/P Ratio (Year),2024,39.027436288
Neutral Zone,https://www.energyintel.com/wcod/country-profile/neutral-zone,Source: Energy Intelligence,"COPYRIGHT © 2001-2021 ENERGY INTELLIGENCE GROUP, INC. / ENERGY INTELLIGENCE GROUP (UK) LIMITED.",Reserves (Billion bbl),2023,5
Neutral Zone,https://www.energyintel.com/wcod/country-profile/neutral-zone,Source: Energy Intelligence,"COPYRIGHT © 2001-2021 ENERGY INTELLIGENCE GROUP, INC. / ENERGY INTELLIGENCE GROUP (UK) LIMITED.",Reserves (Billion bbl),2024,5
Nigeria,https://www.energyintel.com/wcod/country-profile/nigeria,Source: Energy Intelligence,"COPYRIGHT © 2001-2021 ENERGY INTELLIGENCE GROUP, INC. / ENERGY INTELLIGENCE GROUP (UK) LIMITED.",Exports ('000 b/d),2023,1409
Nigeria,https://www.energyintel.com/wcod/country-profile/nigeria,Source: Energy Intelligence,"COPYRIGHT © 2001-2021 ENERGY INTELLIGENCE GROUP, INC. / ENERGY INTELLIGENCE GROUP (UK) LIMITED.",Exports ('000 b/d),2024,1315
Nigeria,https://www.energyintel.com/wcod/country-profile/nigeria,Source: Energy Intelligence,"COPYRIGHT © 2001-2021 ENERGY INTELLIGENCE GROUP, INC. / ENERGY INTELLIGENCE GROUP (UK) LIMITED.",Production ('000 b/d),2023,1426
Nigeria,https://www.energyintel.com/wcod/country-profile/nigeria,Source: Energy Intelligence,"COPYRIGHT © 2001-2021 ENERGY INTELLIGENCE GROUP, INC. / ENERGY INTELLIGENCE GROUP (UK) LIMITED.",Production ('000 b/d),2024,1555
Nigeria,https://www.energyintel.com/wcod/country-profile/nigeria,Source: Energy Intelligence,"COPYRIGHT © 2001-2021 ENERGY INTELLIGENCE GROUP, INC. / ENERGY INTELLIGENCE GROUP (UK) LIMITED.",R/P Ratio (Year),2023,71.086860458
Nigeria,https://www.energyintel.com/wcod/country-profile/nigeria,Source: Energy Intelligence,"COPYRIGHT © 2001-2021 ENERGY INTELLIGENCE GROUP, INC. / ENERGY INTELLIGENCE GROUP (UK) LIMITED.",R/P Ratio (Year),2024,65.189622517
Nigeria,https://www.energyintel.com/wcod/country-profile/nigeria,Source: Energy Intelligence,"COPYRIGHT © 2001-2021 ENERGY INTELLIGENCE GROUP, INC. / ENERGY INTELLIGENCE GROUP (UK) LIMITED.",Reserves (Billion bbl),2023,37
Nigeria,https://www.energyintel.com/wcod/country-profile/nigeria,Source: Energy Intelligence,"COPYRIGHT © 2001-2021 ENERGY INTELLIGENCE GROUP, INC. / ENERGY INTELLIGENCE GROUP (UK) LIMITED.",Reserves (Billion bbl),2024,37
Norway,https://www.energyintel.com/wcod/country-profile/norway,Source: Energy Intelligence,"COPYRIGHT © 2001-2021 ENERGY INTELLIGENCE GROUP, INC. / ENERGY INTELLIGENCE GROUP (UK) LIMITED.",Exports ('000 b/d),2023,1640
Norway,https://www.energyintel.com/wcod/country-profile/norway,Source: Energy Intelligence,"COPYRIGHT © 2001-2021 ENERGY INTELLIGENCE GROUP, INC. / ENERGY INTELLIGENCE GROUP (UK) LIMITED.",Exports ('000 b/d),2024,1566.8
Norway,https://www.energyintel.com/wcod/country-profile/norway,Source: Energy Intelligence,"COPYRIGHT © 2001-2021 ENERGY INTELLIGENCE GROUP, INC. / ENERGY INTELLIGENCE GROUP (UK) LIMITED.",Production ('000 b/d),2023,1794.166667
Norway,https://www.energyintel.com/wcod/country-profile/norway,Source: Energy Intelligence,"COPYRIGHT © 2001-2021 ENERGY INTELLIGENCE GROUP, INC. / ENERGY INTELLIGENCE GROUP (UK) LIMITED.",Production ('000 b/d),2024,1765
Norway,https://www.energyintel.com/wcod/country-profile/norway,Source: Energy Intelligence,"COPYRIGHT © 2001-2021 ENERGY INTELLIGENCE GROUP, INC. / ENERGY INTELLIGENCE GROUP (UK) LIMITED.",R/P Ratio (Year),2023,11.666422766
Norway,https://www.energyintel.com/wcod/country-profile/norway,Source: Energy Intelligence,"COPYRIGHT © 2001-2021 ENERGY INTELLIGENCE GROUP, INC. / ENERGY INTELLIGENCE GROUP (UK) LIMITED.",R/P Ratio (Year),2024,11.859210679
Norway,https://www.energyintel.com/wcod/country-profile/norway,Source: Energy Intelligence,"COPYRIGHT © 2001-2021 ENERGY INTELLIGENCE GROUP, INC. / ENERGY INTELLIGENCE GROUP (UK) LIMITED.",Reserves (Billion bbl),2023,7.64
Norway,https://www.energyintel.com/wcod/country-profile/norway,Source: Energy Intelligence,"COPYRIGHT © 2001-2021 ENERGY INTELLIGENCE GROUP, INC. / ENERGY INTELLIGENCE GROUP (UK) LIMITED.",Reserves (Billion bbl),2024,7.64
Oman,https://www.energyintel.com/wcod/country-profile/oman,Source: Energy Intelligence,"COPYRIGHT © 2001-2021 ENERGY INTELLIGENCE GROUP, INC. / ENERGY INTELLIGENCE GROUP (UK) LIMITED.",Exports ('000 b/d),2023,850
Oman,https://www.energyintel.com/wcod/country-profile/oman,Source: Energy Intelligence,"COPYRIGHT © 2001-2021 ENERGY INTELLIGENCE GROUP, INC. / ENERGY INTELLIGENCE GROUP (UK) LIMITED.",Exports ('000 b/d),2024,845
Oman,https://www.energyintel.com/wcod/country-profile/oman,Source: Energy Intelligence,"COPYRIGHT © 2001-2021 ENERGY INTELLIGENCE GROUP, INC. / ENERGY INTELLIGENCE GROUP (UK) LIMITED.",Production ('000 b/d),2023,842
Oman,https://www.energyintel.com/wcod/country-profile/oman,Source: Energy Intelligence,"COPYRIGHT © 2001-2021 ENERGY INTELLIGENCE GROUP, INC. / ENERGY INTELLIGENCE GROUP (UK) LIMITED.",Production ('000 b/d),2024,797
Oman,https://www.energyintel.com/wcod/country-profile/oman,Source: Energy Intelligence,"COPYRIGHT © 2001-2021 ENERGY INTELLIGENCE GROUP, INC. / ENERGY INTELLIGENCE GROUP (UK) LIMITED.",R/P Ratio (Year),2023,15.943773794
Oman,https://www.energyintel.com/wcod/country-profile/oman,Source: Energy Intelligence,"COPYRIGHT © 2001-2021 ENERGY INTELLIGENCE GROUP, INC. / ENERGY INTELLIGENCE GROUP (UK) LIMITED.",R/P Ratio (Year),2024,16.843986869
Oman,https://www.energyintel.com/wcod/country-profile/oman,Source: Energy Intelligence,"COPYRIGHT © 2001-2021 ENERGY INTELLIGENCE GROUP, INC. / ENERGY INTELLIGENCE GROUP (UK) LIMITED.",Reserves (Billion bbl),2023,4.9
Oman,https://www.energyintel.com/wcod/country-profile/oman,Source: Energy Intelligence,"COPYRIGHT © 2001-2021 ENERGY INTELLIGENCE GROUP, INC. / ENERGY INTELLIGENCE GROUP (UK) LIMITED.",Reserves (Billion bbl),2024,4.9
Papua New Guinea,https://www.energyintel.com/wcod/country-profile/papua-new-guinea,Source: Energy Intelligence,"COPYRIGHT © 2001-2021 ENERGY INTELLIGENCE GROUP, INC. / ENERGY INTELLIGENCE GROUP (UK) LIMITED.",Exports ('000 b/d),2023,25.67
Papua New Guinea,https://www.energyintel.com/wcod/country-profile/papua-new-guinea,Source: Energy Intelligence,"COPYRIGHT © 2001-2021 ENERGY INTELLIGENCE GROUP, INC. / ENERGY INTELLIGENCE GROUP (UK) LIMITED.",Production ('000 b/d),2023,25.93
Papua New Guinea,https://www.energyintel.com/wcod/country-profile/papua-new-guinea,Source: Energy Intelligence,"COPYRIGHT © 2001-2021 ENERGY INTELLIGENCE GROUP, INC. / ENERGY INTELLIGENCE GROUP (UK) LIMITED.",R/P Ratio (Year),2023,5.282927164
Papua New Guinea,https://www.energyintel.com/wcod/country-profile/papua-new-guinea,Source: Energy Intelligence,"COPYRIGHT © 2001-2021 ENERGY INTELLIGENCE GROUP, INC. / ENERGY INTELLIGENCE GROUP (UK) LIMITED.",Reserves (Billion bbl),2023,0.05
Qatar,https://www.energyintel.com/wcod/country-profile/qatar,Source: Energy Intelligence,"COPYRIGHT © 2001-2021 ENERGY INTELLIGENCE GROUP, INC. / ENERGY INTELLIGENCE GROUP (UK) LIMITED.",Exports ('000 b/d),2023,827
Qatar,https://www.energyintel.com/wcod/country-profile/qatar,Source: Energy Intelligence,"COPYRIGHT © 2001-2021 ENERGY INTELLIGENCE GROUP, INC. / ENERGY INTELLIGENCE GROUP (UK) LIMITED.",Exports ('000 b/d),2024,836
Qatar,https://www.energyintel.com/wcod/country-profile/qatar,Source: Energy Intelligence,"COPYRIGHT © 2001-2021 ENERGY INTELLIGENCE GROUP, INC. / ENERGY INTELLIGENCE GROUP (UK) LIMITED.",Production ('000 b/d),2023,1215
Qatar,https://www.energyintel.com/wcod/country-profile/qatar,Source: Energy Intelligence,"COPYRIGHT © 2001-2021 ENERGY INTELLIGENCE GROUP, INC. / ENERGY INTELLIGENCE GROUP (UK) LIMITED.",Production ('000 b/d),2024,1221
Qatar,https://www.energyintel.com/wcod/country-profile/qatar,Source: Energy Intelligence,"COPYRIGHT © 2001-2021 ENERGY INTELLIGENCE GROUP, INC. / ENERGY INTELLIGENCE GROUP (UK) LIMITED.",R/P Ratio (Year),2023,56.823947235
Qatar,https://www.energyintel.com/wcod/country-profile/qatar,Source: Energy Intelligence,"COPYRIGHT © 2001-2021 ENERGY INTELLIGENCE GROUP, INC. / ENERGY INTELLIGENCE GROUP (UK) LIMITED.",R/P Ratio (Year),2024,56.544714079
Qatar,https://www.energyintel.com/wcod/country-profile/qatar,Source: Energy Intelligence,"COPYRIGHT © 2001-2021 ENERGY INTELLIGENCE GROUP, INC. / ENERGY INTELLIGENCE GROUP (UK) LIMITED.",Reserves (Billion bbl),2023,25.2
Qatar,https://www.energyintel.com/wcod/country-profile/qatar,Source: Energy Intelligence,"COPYRIGHT © 2001-2021 ENERGY INTELLIGENCE GROUP, INC. / ENERGY INTELLIGENCE GROUP (UK) LIMITED.",Reserves (Billion bbl),2024,25.2
Russia,https://www.energyintel.com/wcod/country-profile/russia,Source: Energy Intelligence,"COPYRIGHT © 2001-2021 ENERGY INTELLIGENCE GROUP, INC. / ENERGY INTELLIGENCE GROUP (UK) LIMITED.",Exports ('000 b/d),2023,5011
Russia,https://www.energyintel.com/wcod/country-profile/russia,Source: Energy Intelligence,"COPYRIGHT © 2001-2021 ENERGY INTELLIGENCE GROUP, INC. / ENERGY INTELLIGENCE GROUP (UK) LIMITED.",Exports ('000 b/d),2024,4787
Russia,https://www.energyintel.com/wcod/country-profile/russia,Source: Energy Intelligence,"COPYRIGHT © 2001-2021 ENERGY INTELLIGENCE GROUP, INC. / ENERGY INTELLIGENCE GROUP (UK) LIMITED.",Production ('000 b/d),2023,10662.666667
Russia,https://www.energyintel.com/wcod/country-profile/russia,Source: Energy Intelligence,"COPYRIGHT © 2001-2021 ENERGY INTELLIGENCE GROUP, INC. / ENERGY INTELLIGENCE GROUP (UK) LIMITED.",Production ('000 b/d),2024,10285.25
Russia,https://www.energyintel.com/wcod/country-profile/russia,Source: Energy Intelligence,"COPYRIGHT © 2001-2021 ENERGY INTELLIGENCE GROUP, INC. / ENERGY INTELLIGENCE GROUP (UK) LIMITED.",R/P Ratio (Year),2023,27.698743192
Russia,https://www.energyintel.com/wcod/country-profile/russia,Source: Energy Intelligence,"COPYRIGHT © 2001-2021 ENERGY INTELLIGENCE GROUP, INC. / ENERGY INTELLIGENCE GROUP (UK) LIMITED.",R/P Ratio (Year),2024,28.715147007
Russia,https://www.energyintel.com/wcod/country-profile/russia,Source: Energy Intelligence,"COPYRIGHT © 2001-2021 ENERGY INTELLIGENCE GROUP, INC. / ENERGY INTELLIGENCE GROUP (UK) LIMITED.",Reserves (Billion bbl),2023,107.8
Russia,https://www.energyintel.com/wcod/country-profile/russia,Source: Energy Intelligence,"COPYRIGHT © 2001-2021 ENERGY INTELLIGENCE GROUP, INC. / ENERGY INTELLIGENCE GROUP (UK) LIMITED.",Reserves (Billion bbl),2024,107.8
Saudi Arabia,https://www.energyintel.com/wcod/country-profile/saudi-arabia,Source: Energy Intelligence,"COPYRIGHT © 2001-2021 ENERGY INTELLIGENCE GROUP, INC. / ENERGY INTELLIGENCE GROUP (UK) LIMITED.",Exports ('000 b/d),2023,6659
Saudi Arabia,https://www.energyintel.com/wcod/country-profile/saudi-arabia,Source: Energy Intelligence,"COPYRIGHT © 2001-2021 ENERGY INTELLIGENCE GROUP, INC. / ENERGY INTELLIGENCE GROUP (UK) LIMITED.",Exports ('000 b/d),2024,5918
Saudi Arabia,https://www.energyintel.com/wcod/country-profile/saudi-arabia,Source: Energy Intelligence,"COPYRIGHT © 2001-2021 ENERGY INTELLIGENCE GROUP, INC. / ENERGY INTELLIGENCE GROUP (UK) LIMITED.",Production ('000 b/d),2023,9624
Saudi Arabia,https://www.energyintel.com/wcod/country-profile/saudi-arabia,Source: Energy Intelligence,"COPYRIGHT © 2001-2021 ENERGY INTELLIGENCE GROUP, INC. / ENERGY INTELLIGENCE GROUP (UK) LIMITED.",Production ('000 b/d),2024,8963
Saudi Arabia,https://www.energyintel.com/wcod/country-profile/saudi-arabia,Source: Energy Intelligence,"COPYRIGHT © 2001-2021 ENERGY INTELLIGENCE GROUP, INC. / ENERGY INTELLIGENCE GROUP (UK) LIMITED.",R/P Ratio (Year),2023,76.065543903
Saudi Arabia,https://www.energyintel.com/wcod/country-profile/saudi-arabia,Source: Energy Intelligence,"COPYRIGHT © 2001-2021 ENERGY INTELLIGENCE GROUP, INC. / ENERGY INTELLIGENCE GROUP (UK) LIMITED.",R/P Ratio (Year),2024,81.675197425
Saudi Arabia,https://www.energyintel.com/wcod/country-profile/saudi-arabia,Source: Energy Intelligence,"COPYRIGHT © 2001-2021 ENERGY INTELLIGENCE GROUP, INC. / ENERGY INTELLIGENCE GROUP (UK) LIMITED.",Reserves (Billion bbl),2023,267.2
Saudi Arabia,https://www.energyintel.com/wcod/country-profile/saudi-arabia,Source: Energy Intelligence,"COPYRIGHT © 2001-2021 ENERGY INTELLIGENCE GROUP, INC. / ENERGY INTELLIGENCE GROUP (UK) LIMITED.",Reserves (Billion bbl),2024,267.2
South Sudan,https://www.energyintel.com/wcod/country-profile/south-sudan,Source: Energy Intelligence,"COPYRIGHT © 2001-2021 ENERGY INTELLIGENCE GROUP, INC. / ENERGY INTELLIGENCE GROUP (UK) LIMITED.",Exports ('000 b/d),2023,141
South Sudan,https://www.energyintel.com/wcod/country-profile/south-sudan,Source: Energy Intelligence,"COPYRIGHT © 2001-2021 ENERGY INTELLIGENCE GROUP, INC. / ENERGY INTELLIGENCE GROUP (UK) LIMITED.",Exports ('000 b/d),2024,67
South Sudan,https://www.energyintel.com/wcod/country-profile/south-sudan,Source: Energy Intelligence,"COPYRIGHT © 2001-2021 ENERGY INTELLIGENCE GROUP, INC. / ENERGY INTELLIGENCE GROUP (UK) LIMITED.",Production ('000 b/d),2023,145
South Sudan,https://www.energyintel.com/wcod/country-profile/south-sudan,Source: Energy Intelligence,"COPYRIGHT © 2001-2021 ENERGY INTELLIGENCE GROUP, INC. / ENERGY INTELLIGENCE GROUP (UK) LIMITED.",Production ('000 b/d),2024,71
South Sudan,https://www.energyintel.com/wcod/country-profile/south-sudan,Source: Energy Intelligence,"COPYRIGHT © 2001-2021 ENERGY INTELLIGENCE GROUP, INC. / ENERGY INTELLIGENCE GROUP (UK) LIMITED.",R/P Ratio (Year),2023,66.131317903
South Sudan,https://www.energyintel.com/wcod/country-profile/south-sudan,Source: Energy Intelligence,"COPYRIGHT © 2001-2021 ENERGY INTELLIGENCE GROUP, INC. / ENERGY INTELLIGENCE GROUP (UK) LIMITED.",R/P Ratio (Year),2024,135.056916844
South Sudan,https://www.energyintel.com/wcod/country-profile/south-sudan,Source: Energy Intelligence,"COPYRIGHT © 2001-2021 ENERGY INTELLIGENCE GROUP, INC. / ENERGY INTELLIGENCE GROUP (UK) LIMITED.",Reserves (Billion bbl),2023,3.5
South Sudan,https://www.energyintel.com/wcod/country-profile/south-sudan,Source: Energy Intelligence,"COPYRIGHT © 2001-2021 ENERGY INTELLIGENCE GROUP, INC. / ENERGY INTELLIGENCE GROUP (UK) LIMITED.",Reserves (Billion bbl),2024,3.5
Sudan,https://www.energyintel.com/wcod/country-profile/sudan,Source: Energy Intelligence,"COPYRIGHT © 2001-2021 ENERGY INTELLIGENCE GROUP, INC. / ENERGY INTELLIGENCE GROUP (UK) LIMITED.",Exports ('000 b/d),2023,0
Sudan,https://www.energyintel.com/wcod/country-profile/sudan,Source: Energy Intelligence,"COPYRIGHT © 2001-2021 ENERGY INTELLIGENCE GROUP, INC. / ENERGY INTELLIGENCE GROUP (UK) LIMITED.",Exports ('000 b/d),2024,0
Sudan,https://www.energyintel.com/wcod/country-profile/sudan,Source: Energy Intelligence,"COPYRIGHT © 2001-2021 ENERGY INTELLIGENCE GROUP, INC. / ENERGY INTELLIGENCE GROUP (UK) LIMITED.",Production ('000 b/d),2023,71
Sudan,https://www.energyintel.com/wcod/country-profile/sudan,Source: Energy Intelligence,"COPYRIGHT © 2001-2021 ENERGY INTELLIGENCE GROUP, INC. / ENERGY INTELLIGENCE GROUP (UK) LIMITED.",Production ('000 b/d),2024,30
Sudan,https://www.energyintel.com/wcod/country-profile/sudan,Source: Energy Intelligence,"COPYRIGHT © 2001-2021 ENERGY INTELLIGENCE GROUP, INC. / ENERGY INTELLIGENCE GROUP (UK) LIMITED.",R/P Ratio (Year),2023,57.881535790
Sudan,https://www.energyintel.com/wcod/country-profile/sudan,Source: Energy Intelligence,"COPYRIGHT © 2001-2021 ENERGY INTELLIGENCE GROUP, INC. / ENERGY INTELLIGENCE GROUP (UK) LIMITED.",R/P Ratio (Year),2024,136.986301370
Sudan,https://www.energyintel.com/wcod/country-profile/sudan,Source: Energy Intelligence,"COPYRIGHT © 2001-2021 ENERGY INTELLIGENCE GROUP, INC. / ENERGY INTELLIGENCE GROUP (UK) LIMITED.",Reserves (Billion bbl),2023,1.5
Sudan,https://www.energyintel.com/wcod/country-profile/sudan,Source: Energy Intelligence,"COPYRIGHT © 2001-2021 ENERGY INTELLIGENCE GROUP, INC. / ENERGY INTELLIGENCE GROUP (UK) LIMITED.",Reserves (Billion bbl),2024,1.5
Syria,https://www.energyintel.com/wcod/country-profile/syria,Source: Energy Intelligence,"COPYRIGHT © 2001-2021 ENERGY INTELLIGENCE GROUP, INC. / ENERGY INTELLIGENCE GROUP (UK) LIMITED.",Exports ('000 b/d),2023,0
Syria,https://www.energyintel.com/wcod/country-profile/syria,Source: Energy Intelligence,"COPYRIGHT © 2001-2021 ENERGY INTELLIGENCE GROUP, INC. / ENERGY INTELLIGENCE GROUP (UK) LIMITED.",Exports ('000 b/d),2024,0
Syria,https://www.energyintel.com/wcod/country-profile/syria,Source: Energy Intelligence,"COPYRIGHT © 2001-2021 ENERGY INTELLIGENCE GROUP, INC. / ENERGY INTELLIGENCE GROUP (UK) LIMITED.",Production ('000 b/d),2023,120
Syria,https://www.energyintel.com/wcod/country-profile/syria,Source: Energy Intelligence,"COPYRIGHT © 2001-2021 ENERGY INTELLIGENCE GROUP, INC. / ENERGY INTELLIGENCE GROUP (UK) LIMITED.",Production ('000 b/d),2024,108
Syria,https://www.energyintel.com/wcod/country-profile/syria,Source: Energy Intelligence,"COPYRIGHT © 2001-2021 ENERGY INTELLIGENCE GROUP, INC. / ENERGY INTELLIGENCE GROUP (UK) LIMITED.",R/P Ratio (Year),2023,57.077625571
Syria,https://www.energyintel.com/wcod/country-profile/syria,Source: Energy Intelligence,"COPYRIGHT © 2001-2021 ENERGY INTELLIGENCE GROUP, INC. / ENERGY INTELLIGENCE GROUP (UK) LIMITED.",R/P Ratio (Year),2024,63.419583968
Syria,https://www.energyintel.com/wcod/country-profile/syria,Source: Energy Intelligence,"COPYRIGHT © 2001-2021 ENERGY INTELLIGENCE GROUP, INC. / ENERGY INTELLIGENCE GROUP (UK) LIMITED.",Reserves (Billion bbl),2023,2.5
Syria,https://www.energyintel.com/wcod/country-profile/syria,Source: Energy Intelligence,"COPYRIGHT © 2001-2021 ENERGY INTELLIGENCE GROUP, INC. / ENERGY INTELLIGENCE GROUP (UK) LIMITED.",Reserves (Billion bbl),2024,2.5
Turkmenistan,https://www.energyintel.com/wcod/country-profile/turkmenistan,Source: Energy Intelligence,"COPYRIGHT © 2001-2021 ENERGY INTELLIGENCE GROUP, INC. / ENERGY INTELLIGENCE GROUP (UK) LIMITED.",Exports ('000 b/d),2023,60
Turkmenistan,https://www.energyintel.com/wcod/country-profile/turkmenistan,Source: Energy Intelligence,"COPYRIGHT © 2001-2021 ENERGY INTELLIGENCE GROUP, INC. / ENERGY INTELLIGENCE GROUP (UK) LIMITED.",Exports ('000 b/d),2024,55
Turkmenistan,https://www.energyintel.com/wcod/country-profile/turkmenistan,Source: Energy Intelligence,"COPYRIGHT © 2001-2021 ENERGY INTELLIGENCE GROUP, INC. / ENERGY INTELLIGENCE GROUP (UK) LIMITED.",Production ('000 b/d),2023,191
Turkmenistan,https://www.energyintel.com/wcod/country-profile/turkmenistan,Source: Energy Intelligence,"COPYRIGHT © 2001-2021 ENERGY INTELLIGENCE GROUP, INC. / ENERGY INTELLIGENCE GROUP (UK) LIMITED.",Production ('000 b/d),2024,188
Turkmenistan,https://www.energyintel.com/wcod/country-profile/turkmenistan,Source: Energy Intelligence,"COPYRIGHT © 2001-2021 ENERGY INTELLIGENCE GROUP, INC. / ENERGY INTELLIGENCE GROUP (UK) LIMITED.",R/P Ratio (Year),2023,8.606469196
Turkmenistan,https://www.energyintel.com/wcod/country-profile/turkmenistan,Source: Energy Intelligence,"COPYRIGHT © 2001-2021 ENERGY INTELLIGENCE GROUP, INC. / ENERGY INTELLIGENCE GROUP (UK) LIMITED.",R/P Ratio (Year),2024,8.743806470
Turkmenistan,https://www.energyintel.com/wcod/country-profile/turkmenistan,Source: Energy Intelligence,"COPYRIGHT © 2001-2021 ENERGY INTELLIGENCE GROUP, INC. / ENERGY INTELLIGENCE GROUP (UK) LIMITED.",Reserves (Billion bbl),2023,0.6
Turkmenistan,https://www.energyintel.com/wcod/country-profile/turkmenistan,Source: Energy Intelligence,"COPYRIGHT © 2001-2021 ENERGY INTELLIGENCE GROUP, INC. / ENERGY INTELLIGENCE GROUP (UK) LIMITED.",Reserves (Billion bbl),2024,0.6
United Kingdom,https://www.energyintel.com/wcod/country-profile/united-kingdom,Source: Energy Intelligence,"COPYRIGHT © 2001-2021 ENERGY INTELLIGENCE GROUP, INC. / ENERGY INTELLIGENCE GROUP (UK) LIMITED.",Exports ('000 b/d),2023,619.830000000
United Kingdom,https://www.energyintel.com/wcod/country-profile/united-kingdom,Source: Energy Intelligence,"COPYRIGHT © 2001-2021 ENERGY INTELLIGENCE GROUP, INC. / ENERGY INTELLIGENCE GROUP (UK) LIMITED.",Exports ('000 b/d),2024,545.290000000
United Kingdom,https://www.energyintel.com/wcod/country-profile/united-kingdom,Source: Energy Intelligence,"COPYRIGHT © 2001-2021 ENERGY INTELLIGENCE GROUP, INC. / ENERGY INTELLIGENCE GROUP (UK) LIMITED.",Production ('000 b/d),2023,652.700000000
United Kingdom,https://www.energyintel.com/wcod/country-profile/united-kingdom,Source: Energy Intelligence,"COPYRIGHT © 2001-2021 ENERGY INTELLIGENCE GROUP, INC. / ENERGY INTELLIGENCE GROUP (UK) LIMITED.",Production ('000 b/d),2024,577
United Kingdom,https://www.energyintel.com/wcod/country-profile/united-kingdom,Source: Energy Intelligence,"COPYRIGHT © 2001-2021 ENERGY INTELLIGENCE GROUP, INC. / ENERGY INTELLIGENCE GROUP (UK) LIMITED.",R/P Ratio (Year),2023,7.555549026
United Kingdom,https://www.energyintel.com/wcod/country-profile/united-kingdom,Source: Energy Intelligence,"COPYRIGHT © 2001-2021 ENERGY INTELLIGENCE GROUP, INC. / ENERGY INTELLIGENCE GROUP (UK) LIMITED.",R/P Ratio (Year),2024,11.870563377
United Kingdom,https://www.energyintel.com/wcod/country-profile/united-kingdom,Source: Energy Intelligence,"COPYRIGHT © 2001-2021 ENERGY INTELLIGENCE GROUP, INC. / ENERGY INTELLIGENCE GROUP (UK) LIMITED.",Reserves (Billion bbl),2023,1.8
United Kingdom,https://www.energyintel.com/wcod/country-profile/united-kingdom,Source: Energy Intelligence,"COPYRIGHT © 2001-2021 ENERGY INTELLIGENCE GROUP, INC. / ENERGY INTELLIGENCE GROUP (UK) LIMITED.",Reserves (Billion bbl),2024,2.5
United States,https://www.energyintel.com/wcod/country-profile/united-states,Source: Energy Intelligence,"COPYRIGHT © 2001-2021 ENERGY INTELLIGENCE GROUP, INC. / ENERGY INTELLIGENCE GROUP (UK) LIMITED.",Exports ('000 b/d),2023,4018
United States,https://www.energyintel.com/wcod/country-profile/united-states,Source: Energy Intelligence,"COPYRIGHT © 2001-2021 ENERGY INTELLIGENCE GROUP, INC. / ENERGY INTELLIGENCE GROUP (UK) LIMITED.",Exports ('000 b/d),2024,4112
United States,https://www.energyintel.com/wcod/country-profile/united-states,Source: Energy Intelligence,"COPYRIGHT © 2001-2021 ENERGY INTELLIGENCE GROUP, INC. / ENERGY INTELLIGENCE GROUP (UK) LIMITED.",Production ('000 b/d),2023,12915.5
United States,https://www.energyintel.com/wcod/country-profile/united-states,Source: Energy Intelligence,"COPYRIGHT © 2001-2021 ENERGY INTELLIGENCE GROUP, INC. / ENERGY INTELLIGENCE GROUP (UK) LIMITED.",Production ('000 b/d),2024,13200
United States,https://www.energyintel.com/wcod/country-profile/united-states,Source: Energy Intelligence,"COPYRIGHT © 2001-2021 ENERGY INTELLIGENCE GROUP, INC. / ENERGY INTELLIGENCE GROUP (UK) LIMITED.",R/P Ratio (Year),2023,9.418437971
United States,https://www.energyintel.com/wcod/country-profile/united-states,Source: Energy Intelligence,"COPYRIGHT © 2001-2021 ENERGY INTELLIGENCE GROUP, INC. / ENERGY INTELLIGENCE GROUP (UK) LIMITED.",R/P Ratio (Year),2024,9.215442092
United States,https://www.energyintel.com/wcod/country-profile/united-states,Source: Energy Intelligence,"COPYRIGHT © 2001-2021 ENERGY INTELLIGENCE GROUP, INC. / ENERGY INTELLIGENCE GROUP (UK) LIMITED.",Reserves (Billion bbl),2023,44.400000000
United States,https://www.energyintel.com/wcod/country-profile/united-states,Source: Energy Intelligence,"COPYRIGHT © 2001-2021 ENERGY INTELLIGENCE GROUP, INC. / ENERGY INTELLIGENCE GROUP (UK) LIMITED.",Reserves (Billion bbl),2024,44.400000000
Venezuela,https://www.energyintel.com/wcod/country-profile/venezuela,Source: Energy Intelligence,"COPYRIGHT © 2001-2021 ENERGY INTELLIGENCE GROUP, INC. / ENERGY INTELLIGENCE GROUP (UK) LIMITED.",Exports ('000 b/d),2023,525
Venezuela,https://www.energyintel.com/wcod/country-profile/venezuela,Source: Energy Intelligence,"COPYRIGHT © 2001-2021 ENERGY INTELLIGENCE GROUP, INC. / ENERGY INTELLIGENCE GROUP (UK) LIMITED.",Exports ('000 b/d),2024,602
Venezuela,https://www.energyintel.com/wcod/country-profile/venezuela,Source: Energy Intelligence,"COPYRIGHT © 2001-2021 ENERGY INTELLIGENCE GROUP, INC. / ENERGY INTELLIGENCE GROUP (UK) LIMITED.",Production ('000 b/d),2023,741
Venezuela,https://www.energyintel.com/wcod/country-profile/venezuela,Source: Energy Intelligence,"COPYRIGHT © 2001-2021 ENERGY INTELLIGENCE GROUP, INC. / ENERGY INTELLIGENCE GROUP (UK) LIMITED.",Production ('000 b/d),2024,807
Venezuela,https://www.energyintel.com/wcod/country-profile/venezuela,Source: Energy Intelligence,"COPYRIGHT © 2001-2021 ENERGY INTELLIGENCE GROUP, INC. / ENERGY INTELLIGENCE GROUP (UK) LIMITED.",R/P Ratio (Year),2023,1120.958349509
Venezuela,https://www.energyintel.com/wcod/country-profile/venezuela,Source: Energy Intelligence,"COPYRIGHT © 2001-2021 ENERGY INTELLIGENCE GROUP, INC. / ENERGY INTELLIGENCE GROUP (UK) LIMITED.",R/P Ratio (Year),2024,1029.281458471
Venezuela,https://www.energyintel.com/wcod/country-profile/venezuela,Source: Energy Intelligence,"COPYRIGHT © 2001-2021 ENERGY INTELLIGENCE GROUP, INC. / ENERGY INTELLIGENCE GROUP (UK) LIMITED.",Reserves (Billion bbl),2023,303.18
Venezuela,https://www.energyintel.com/wcod/country-profile/venezuela,Source: Energy Intelligence,"COPYRIGHT © 2001-2021 ENERGY INTELLIGENCE GROUP, INC. / ENERGY INTELLIGENCE GROUP (UK) LIMITED.",Reserves (Billion bbl),2024,303.18
Vietnam,https://www.energyintel.com/wcod/country-profile/vietnam,Source: Energy Intelligence,"COPYRIGHT © 2001-2021 ENERGY INTELLIGENCE GROUP, INC. / ENERGY INTELLIGENCE GROUP (UK) LIMITED.",Exports ('000 b/d),2023,56.5
Vietnam,https://www.energyintel.com/wcod/country-profile/vietnam,Source: Energy Intelligence,"COPYRIGHT © 2001-2021 ENERGY INTELLIGENCE GROUP, INC. / ENERGY INTELLIGENCE GROUP (UK) LIMITED.",Exports ('000 b/d),2024,52
Vietnam,https://www.energyintel.com/wcod/country-profile/vietnam,Source: Energy Intelligence,"COPYRIGHT © 2001-2021 ENERGY INTELLIGENCE GROUP, INC. / ENERGY INTELLIGENCE GROUP (UK) LIMITED.",Production ('000 b/d),2023,171
Vietnam,https://www.energyintel.com/wcod/country-profile/vietnam,Source: Energy Intelligence,"COPYRIGHT © 2001-2021 ENERGY INTELLIGENCE GROUP, INC. / ENERGY INTELLIGENCE GROUP (UK) LIMITED.",Production ('000 b/d),2024,163
Vietnam,https://www.energyintel.com/wcod/country-profile/vietnam,Source: Energy Intelligence,"COPYRIGHT © 2001-2021 ENERGY INTELLIGENCE GROUP, INC. / ENERGY INTELLIGENCE GROUP (UK) LIMITED.",R/P Ratio (Year),2023,70.495874389
Vietnam,https://www.energyintel.com/wcod/country-profile/vietnam,Source: Energy Intelligence,"COPYRIGHT © 2001-2021 ENERGY INTELLIGENCE GROUP, INC. / ENERGY INTELLIGENCE GROUP (UK) LIMITED.",R/P Ratio (Year),2024,73.955794605
Vietnam,https://www.energyintel.com/wcod/country-profile/vietnam,Source: Energy Intelligence,"COPYRIGHT © 2001-2021 ENERGY INTELLIGENCE GROUP, INC. / ENERGY INTELLIGENCE GROUP (UK) LIMITED.",Reserves (Billion bbl),2023,4.4
Vietnam,https://www.energyintel.com/wcod/country-profile/vietnam,Source: Energy Intelligence,"COPYRIGHT © 2001-2021 ENERGY INTELLIGENCE GROUP, INC. / ENERGY INTELLIGENCE GROUP (UK) LIMITED.",Reserves (Billion bbl),2024,4.4
Yemen,https://www.energyintel.com/wcod/country-profile/yemen,Source: Energy Intelligence,"COPYRIGHT © 2001-2021 ENERGY INTELLIGENCE GROUP, INC. / ENERGY INTELLIGENCE GROUP (UK) LIMITED.",Exports ('000 b/d),2023,0
Yemen,https://www.energyintel.com/wcod/country-profile/yemen,Source: Energy Intelligence,"COPYRIGHT © 2001-2021 ENERGY INTELLIGENCE GROUP, INC. / ENERGY INTELLIGENCE GROUP (UK) LIMITED.",Exports ('000 b/d),2024,0
Yemen,https://www.energyintel.com/wcod/country-profile/yemen,Source: Energy Intelligence,"COPYRIGHT © 2001-2021 ENERGY INTELLIGENCE GROUP, INC. / ENERGY INTELLIGENCE GROUP (UK) LIMITED.",Production ('000 b/d),2023,15
Yemen,https://www.energyintel.com/wcod/country-profile/yemen,Source: Energy Intelligence,"COPYRIGHT © 2001-2021 ENERGY INTELLIGENCE GROUP, INC. / ENERGY INTELLIGENCE GROUP (UK) LIMITED.",Production ('000 b/d),2024,15
Yemen,https://www.energyintel.com/wcod/country-profile/yemen,Source: Energy Intelligence,"COPYRIGHT © 2001-2021 ENERGY INTELLIGENCE GROUP, INC. / ENERGY INTELLIGENCE GROUP (UK) LIMITED.",R/P Ratio (Year),2023,547.945205479
Yemen,https://www.energyintel.com/wcod/country-profile/yemen,Source: Energy Intelligence,"COPYRIGHT © 2001-2021 ENERGY INTELLIGENCE GROUP, INC. / ENERGY INTELLIGENCE GROUP (UK) LIMITED.",R/P Ratio (Year),2024,547.945205479
Yemen,https://www.energyintel.com/wcod/country-profile/yemen,Source: Energy Intelligence,"COPYRIGHT © 2001-2021 ENERGY INTELLIGENCE GROUP, INC. / ENERGY INTELLIGENCE GROUP (UK) LIMITED.",Reserves (Billion bbl),2023,3
Yemen,https://www.energyintel.com/wcod/country-profile/yemen,Source: Energy Intelligence,"COPYRIGHT © 2001-2021 ENERGY INTELLIGENCE GROUP, INC. / ENERGY INTELLIGENCE GROUP (UK) LIMITED.",Reserves (Billion bbl),2024,3
