Source,Copyright,Year of YearReported,Country,CRUDE COLOR,CrudeOil,Avg. ProductionDataValue,ProductionDataValue
Source: Energy Intelligence,"COPYRIGHT © 2001-2025 ENERGY INTELLIGENCE GROUP, INC. / ENERGY INTELLIGENCE GROUP (UK) LIMITED.",2024,Russia,Russia Urals,Urals,7506.04,
Source: Energy Intelligence,"COPYRIGHT © 2001-2025 ENERGY INTELLIGENCE GROUP, INC. / ENERGY INTELLIGENCE GROUP (UK) LIMITED.",2023,Russia,Russia Urals,Urals,7860.67,
Source: Energy Intelligence,"COPYRIGHT © 2001-2025 ENERGY INTELLIGENCE GROUP, INC. / ENERGY INTELLIGENCE GROUP (UK) LIMITED.",2022,Russia,Russia Urals,Urals,7940.72,
Source: Energy Intelligence,"COPYRIGHT © 2001-2025 ENERGY INTELLIGENCE GROUP, INC. / ENERGY INTELLIGENCE GROUP (UK) LIMITED.",2021,Russia,Russia Urals,Urals,7557.88,
Source: Energy Intelligence,"COPYRIGHT © 2001-2025 ENERGY INTELLIGENCE GROUP, INC. / ENERGY INTELLIGENCE GROUP (UK) LIMITED.",2020,Russia,Russia Urals,Urals,7927.44,
Source: Energy Intelligence,"COPYRIGHT © 2001-2025 ENERGY INTELLIGENCE GROUP, INC. / ENERGY INTELLIGENCE GROUP (UK) LIMITED.",2019,Russia,Russia Urals,Urals,8703.4,
Source: Energy Intelligence,"COPYRIGHT © 2001-2025 ENERGY INTELLIGENCE GROUP, INC. / ENERGY INTELLIGENCE GROUP (UK) LIMITED.",2018,Russia,Russia Urals,Urals,9379.54,
Source: Energy Intelligence,"COPYRIGHT © 2001-2025 ENERGY INTELLIGENCE GROUP, INC. / ENERGY INTELLIGENCE GROUP (UK) LIMITED.",2017,Russia,Russia Urals,Urals,9541.7,
Source: Energy Intelligence,"COPYRIGHT © 2001-2025 ENERGY INTELLIGENCE GROUP, INC. / ENERGY INTELLIGENCE GROUP (UK) LIMITED.",2016,Russia,Russia Urals,Urals,9721.24,
Source: Energy Intelligence,"COPYRIGHT © 2001-2025 ENERGY INTELLIGENCE GROUP, INC. / ENERGY INTELLIGENCE GROUP (UK) LIMITED.",2015,Russia,Russia Urals,Urals,9501.64,
Source: Energy Intelligence,"COPYRIGHT © 2001-2025 ENERGY INTELLIGENCE GROUP, INC. / ENERGY INTELLIGENCE GROUP (UK) LIMITED.",2014,Russia,Russia Urals,Urals,9644.2,
Source: Energy Intelligence,"COPYRIGHT © 2001-2025 ENERGY INTELLIGENCE GROUP, INC. / ENERGY INTELLIGENCE GROUP (UK) LIMITED.",2013,Russia,Russia Urals,Urals,9596.19,
Source: Energy Intelligence,"COPYRIGHT © 2001-2025 ENERGY INTELLIGENCE GROUP, INC. / ENERGY INTELLIGENCE GROUP (UK) LIMITED.",2012,Russia,Russia Urals,Urals,9395.4,
Source: Energy Intelligence,"COPYRIGHT © 2001-2025 ENERGY INTELLIGENCE GROUP, INC. / ENERGY INTELLIGENCE GROUP (UK) LIMITED.",2011,Russia,Russia Urals,Urals,9229.7,
Source: Energy Intelligence,"COPYRIGHT © 2001-2025 ENERGY INTELLIGENCE GROUP, INC. / ENERGY INTELLIGENCE GROUP (UK) LIMITED.",2010,Russia,Russia Urals,Urals,9300,
Source: Energy Intelligence,"COPYRIGHT © 2001-2025 ENERGY INTELLIGENCE GROUP, INC. / ENERGY INTELLIGENCE GROUP (UK) LIMITED.",2009,Russia,Russia Urals,Urals,9400,
Source: Energy Intelligence,"COPYRIGHT © 2001-2025 ENERGY INTELLIGENCE GROUP, INC. / ENERGY INTELLIGENCE GROUP (UK) LIMITED.",2008,Russia,Russia Urals,Urals,8660,
Source: Energy Intelligence,"COPYRIGHT © 2001-2025 ENERGY INTELLIGENCE GROUP, INC. / ENERGY INTELLIGENCE GROUP (UK) LIMITED.",2007,Russia,Russia Urals,Urals,8700,
Source: Energy Intelligence,"COPYRIGHT © 2001-2025 ENERGY INTELLIGENCE GROUP, INC. / ENERGY INTELLIGENCE GROUP (UK) LIMITED.",2006,Russia,Russia Urals,Urals,8500,
Source: Energy Intelligence,"COPYRIGHT © 2001-2025 ENERGY INTELLIGENCE GROUP, INC. / ENERGY INTELLIGENCE GROUP (UK) LIMITED.",2024,Russia,Russia Espo Blend,Espo Blend,1871.89,
Source: Energy Intelligence,"COPYRIGHT © 2001-2025 ENERGY INTELLIGENCE GROUP, INC. / ENERGY INTELLIGENCE GROUP (UK) LIMITED.",2023,Russia,Russia Espo Blend,Espo Blend,1849.07,
Source: Energy Intelligence,"COPYRIGHT © 2001-2025 ENERGY INTELLIGENCE GROUP, INC. / ENERGY INTELLIGENCE GROUP (UK) LIMITED.",2022,Russia,Russia Espo Blend,Espo Blend,1785.52,
Source: Energy Intelligence,"COPYRIGHT © 2001-2025 ENERGY INTELLIGENCE GROUP, INC. / ENERGY INTELLIGENCE GROUP (UK) LIMITED.",2021,Russia,Russia Espo Blend,Espo Blend,1731.38,
Source: Energy Intelligence,"COPYRIGHT © 2001-2025 ENERGY INTELLIGENCE GROUP, INC. / ENERGY INTELLIGENCE GROUP (UK) LIMITED.",2020,Russia,Russia Espo Blend,Espo Blend,1459.18,
Source: Energy Intelligence,"COPYRIGHT © 2001-2025 ENERGY INTELLIGENCE GROUP, INC. / ENERGY INTELLIGENCE GROUP (UK) LIMITED.",2019,Russia,Russia Espo Blend,Espo Blend,1467.74,
Source: Energy Intelligence,"COPYRIGHT © 2001-2025 ENERGY INTELLIGENCE GROUP, INC. / ENERGY INTELLIGENCE GROUP (UK) LIMITED.",2018,Russia,Russia Espo Blend,Espo Blend,1178.55,
Source: Energy Intelligence,"COPYRIGHT © 2001-2025 ENERGY INTELLIGENCE GROUP, INC. / ENERGY INTELLIGENCE GROUP (UK) LIMITED.",2017,Russia,Russia Espo Blend,Espo Blend,968.18,
Source: Energy Intelligence,"COPYRIGHT © 2001-2025 ENERGY INTELLIGENCE GROUP, INC. / ENERGY INTELLIGENCE GROUP (UK) LIMITED.",2016,Russia,Russia Espo Blend,Espo Blend,968.17,
Source: Energy Intelligence,"COPYRIGHT © 2001-2025 ENERGY INTELLIGENCE GROUP, INC. / ENERGY INTELLIGENCE GROUP (UK) LIMITED.",2015,Russia,Russia Espo Blend,Espo Blend,932.53,
Source: Energy Intelligence,"COPYRIGHT © 2001-2025 ENERGY INTELLIGENCE GROUP, INC. / ENERGY INTELLIGENCE GROUP (UK) LIMITED.",2014,Russia,Russia Espo Blend,Espo Blend,813.38,
Source: Energy Intelligence,"COPYRIGHT © 2001-2025 ENERGY INTELLIGENCE GROUP, INC. / ENERGY INTELLIGENCE GROUP (UK) LIMITED.",2013,Russia,Russia Espo Blend,Espo Blend,743.96,
Source: Energy Intelligence,"COPYRIGHT © 2001-2025 ENERGY INTELLIGENCE GROUP, INC. / ENERGY INTELLIGENCE GROUP (UK) LIMITED.",2012,Russia,Russia Espo Blend,Espo Blend,627,
Source: Energy Intelligence,"COPYRIGHT © 2001-2025 ENERGY INTELLIGENCE GROUP, INC. / ENERGY INTELLIGENCE GROUP (UK) LIMITED.",2011,Russia,Russia Espo Blend,Espo Blend,606.4,
Source: Energy Intelligence,"COPYRIGHT © 2001-2025 ENERGY INTELLIGENCE GROUP, INC. / ENERGY INTELLIGENCE GROUP (UK) LIMITED.",2010,Russia,Russia Espo Blend,Espo Blend,308,
Source: Energy Intelligence,"COPYRIGHT © 2001-2025 ENERGY INTELLIGENCE GROUP, INC. / ENERGY INTELLIGENCE GROUP (UK) LIMITED.",2009,Russia,Russia Espo Blend,Espo Blend,10,
Source: Energy Intelligence,"COPYRIGHT © 2001-2025 ENERGY INTELLIGENCE GROUP, INC. / ENERGY INTELLIGENCE GROUP (UK) LIMITED.",2024,Russia,Russia Other Crudes - Russia,Other Crudes - Russia,230.7,
Source: Energy Intelligence,"COPYRIGHT © 2001-2025 ENERGY INTELLIGENCE GROUP, INC. / ENERGY INTELLIGENCE GROUP (UK) LIMITED.",2023,Russia,Russia Other Crudes - Russia,Other Crudes - Russia,192.75,
Source: Energy Intelligence,"COPYRIGHT © 2001-2025 ENERGY INTELLIGENCE GROUP, INC. / ENERGY INTELLIGENCE GROUP (UK) LIMITED.",2022,Russia,Russia Other Crudes - Russia,Other Crudes - Russia,333.82,
Source: Energy Intelligence,"COPYRIGHT © 2001-2025 ENERGY INTELLIGENCE GROUP, INC. / ENERGY INTELLIGENCE GROUP (UK) LIMITED.",2021,Russia,Russia Other Crudes - Russia,Other Crudes - Russia,426.49,
Source: Energy Intelligence,"COPYRIGHT © 2001-2025 ENERGY INTELLIGENCE GROUP, INC. / ENERGY INTELLIGENCE GROUP (UK) LIMITED.",2020,Russia,Russia Other Crudes - Russia,Other Crudes - Russia,562.56,
Source: Energy Intelligence,"COPYRIGHT © 2001-2025 ENERGY INTELLIGENCE GROUP, INC. / ENERGY INTELLIGENCE GROUP (UK) LIMITED.",2019,Russia,Russia Other Crudes - Russia,Other Crudes - Russia,653.09,
Source: Energy Intelligence,"COPYRIGHT © 2001-2025 ENERGY INTELLIGENCE GROUP, INC. / ENERGY INTELLIGENCE GROUP (UK) LIMITED.",2018,Russia,Russia Other Crudes - Russia,Other Crudes - Russia,398.5,
Source: Energy Intelligence,"COPYRIGHT © 2001-2025 ENERGY INTELLIGENCE GROUP, INC. / ENERGY INTELLIGENCE GROUP (UK) LIMITED.",2017,Russia,Russia Other Crudes - Russia,Other Crudes - Russia,334.43,
Source: Energy Intelligence,"COPYRIGHT © 2001-2025 ENERGY INTELLIGENCE GROUP, INC. / ENERGY INTELLIGENCE GROUP (UK) LIMITED.",2016,Russia,Russia Other Crudes - Russia,Other Crudes - Russia,176.9,
Source: Energy Intelligence,"COPYRIGHT © 2001-2025 ENERGY INTELLIGENCE GROUP, INC. / ENERGY INTELLIGENCE GROUP (UK) LIMITED.",2015,Russia,Russia Other Crudes - Russia,Other Crudes - Russia,209.13,
Source: Energy Intelligence,"COPYRIGHT © 2001-2025 ENERGY INTELLIGENCE GROUP, INC. / ENERGY INTELLIGENCE GROUP (UK) LIMITED.",2014,Russia,Russia Other Crudes - Russia,Other Crudes - Russia,161.17,
Source: Energy Intelligence,"COPYRIGHT © 2001-2025 ENERGY INTELLIGENCE GROUP, INC. / ENERGY INTELLIGENCE GROUP (UK) LIMITED.",2013,Russia,Russia Other Crudes - Russia,Other Crudes - Russia,358.16,
Source: Energy Intelligence,"COPYRIGHT © 2001-2025 ENERGY INTELLIGENCE GROUP, INC. / ENERGY INTELLIGENCE GROUP (UK) LIMITED.",2012,Russia,Russia Other Crudes - Russia,Other Crudes - Russia,60.08,
Source: Energy Intelligence,"COPYRIGHT © 2001-2025 ENERGY INTELLIGENCE GROUP, INC. / ENERGY INTELLIGENCE GROUP (UK) LIMITED.",2011,Russia,Russia Other Crudes - Russia,Other Crudes - Russia,61.01,
Source: Energy Intelligence,"COPYRIGHT © 2001-2025 ENERGY INTELLIGENCE GROUP, INC. / ENERGY INTELLIGENCE GROUP (UK) LIMITED.",2010,Russia,Russia Other Crudes - Russia,Other Crudes - Russia,73.3,
Source: Energy Intelligence,"COPYRIGHT © 2001-2025 ENERGY INTELLIGENCE GROUP, INC. / ENERGY INTELLIGENCE GROUP (UK) LIMITED.",2009,Russia,Russia Other Crudes - Russia,Other Crudes - Russia,50.32,
Source: Energy Intelligence,"COPYRIGHT © 2001-2025 ENERGY INTELLIGENCE GROUP, INC. / ENERGY INTELLIGENCE GROUP (UK) LIMITED.",2008,Russia,Russia Other Crudes - Russia,Other Crudes - Russia,833.38,
Source: Energy Intelligence,"COPYRIGHT © 2001-2025 ENERGY INTELLIGENCE GROUP, INC. / ENERGY INTELLIGENCE GROUP (UK) LIMITED.",2007,Russia,Russia Other Crudes - Russia,Other Crudes - Russia,584,
Source: Energy Intelligence,"COPYRIGHT © 2001-2025 ENERGY INTELLIGENCE GROUP, INC. / ENERGY INTELLIGENCE GROUP (UK) LIMITED.",2006,Russia,Russia Other Crudes - Russia,Other Crudes - Russia,741,
Source: Energy Intelligence,"COPYRIGHT © 2001-2025 ENERGY INTELLIGENCE GROUP, INC. / ENERGY INTELLIGENCE GROUP (UK) LIMITED.",2024,Russia,Russia Sokol,Sokol,178.33,
Source: Energy Intelligence,"COPYRIGHT © 2001-2025 ENERGY INTELLIGENCE GROUP, INC. / ENERGY INTELLIGENCE GROUP (UK) LIMITED.",2023,Russia,Russia Sokol,Sokol,189.25,
Source: Energy Intelligence,"COPYRIGHT © 2001-2025 ENERGY INTELLIGENCE GROUP, INC. / ENERGY INTELLIGENCE GROUP (UK) LIMITED.",2022,Russia,Russia Sokol,Sokol,98,
Source: Energy Intelligence,"COPYRIGHT © 2001-2025 ENERGY INTELLIGENCE GROUP, INC. / ENERGY INTELLIGENCE GROUP (UK) LIMITED.",2021,Russia,Russia Sokol,Sokol,233.75,
Source: Energy Intelligence,"COPYRIGHT © 2001-2025 ENERGY INTELLIGENCE GROUP, INC. / ENERGY INTELLIGENCE GROUP (UK) LIMITED.",2020,Russia,Russia Sokol,Sokol,259.18,
Source: Energy Intelligence,"COPYRIGHT © 2001-2025 ENERGY INTELLIGENCE GROUP, INC. / ENERGY INTELLIGENCE GROUP (UK) LIMITED.",2019,Russia,Russia Sokol,Sokol,268.9,
Source: Energy Intelligence,"COPYRIGHT © 2001-2025 ENERGY INTELLIGENCE GROUP, INC. / ENERGY INTELLIGENCE GROUP (UK) LIMITED.",2018,Russia,Russia Sokol,Sokol,233.5,
Source: Energy Intelligence,"COPYRIGHT © 2001-2025 ENERGY INTELLIGENCE GROUP, INC. / ENERGY INTELLIGENCE GROUP (UK) LIMITED.",2017,Russia,Russia Sokol,Sokol,211.74,
Source: Energy Intelligence,"COPYRIGHT © 2001-2025 ENERGY INTELLIGENCE GROUP, INC. / ENERGY INTELLIGENCE GROUP (UK) LIMITED.",2016,Russia,Russia Sokol,Sokol,219.85,
Source: Energy Intelligence,"COPYRIGHT © 2001-2025 ENERGY INTELLIGENCE GROUP, INC. / ENERGY INTELLIGENCE GROUP (UK) LIMITED.",2015,Russia,Russia Sokol,Sokol,186,
Source: Energy Intelligence,"COPYRIGHT © 2001-2025 ENERGY INTELLIGENCE GROUP, INC. / ENERGY INTELLIGENCE GROUP (UK) LIMITED.",2014,Russia,Russia Sokol,Sokol,157.54,
Source: Energy Intelligence,"COPYRIGHT © 2001-2025 ENERGY INTELLIGENCE GROUP, INC. / ENERGY INTELLIGENCE GROUP (UK) LIMITED.",2013,Russia,Russia Sokol,Sokol,141.01,
Source: Energy Intelligence,"COPYRIGHT © 2001-2025 ENERGY INTELLIGENCE GROUP, INC. / ENERGY INTELLIGENCE GROUP (UK) LIMITED.",2012,Russia,Russia Sokol,Sokol,142.1,
Source: Energy Intelligence,"COPYRIGHT © 2001-2025 ENERGY INTELLIGENCE GROUP, INC. / ENERGY INTELLIGENCE GROUP (UK) LIMITED.",2011,Russia,Russia Sokol,Sokol,158.6,
Source: Energy Intelligence,"COPYRIGHT © 2001-2025 ENERGY INTELLIGENCE GROUP, INC. / ENERGY INTELLIGENCE GROUP (UK) LIMITED.",2010,Russia,Russia Sokol,Sokol,141,
Source: Energy Intelligence,"COPYRIGHT © 2001-2025 ENERGY INTELLIGENCE GROUP, INC. / ENERGY INTELLIGENCE GROUP (UK) LIMITED.",2009,Russia,Russia Sokol,Sokol,165,
Source: Energy Intelligence,"COPYRIGHT © 2001-2025 ENERGY INTELLIGENCE GROUP, INC. / ENERGY INTELLIGENCE GROUP (UK) LIMITED.",2008,Russia,Russia Sokol,Sokol,192,
Source: Energy Intelligence,"COPYRIGHT © 2001-2025 ENERGY INTELLIGENCE GROUP, INC. / ENERGY INTELLIGENCE GROUP (UK) LIMITED.",2007,Russia,Russia Sokol,Sokol,224,
Source: Energy Intelligence,"COPYRIGHT © 2001-2025 ENERGY INTELLIGENCE GROUP, INC. / ENERGY INTELLIGENCE GROUP (UK) LIMITED.",2006,Russia,Russia Sokol,Sokol,40,
Source: Energy Intelligence,"COPYRIGHT © 2001-2025 ENERGY INTELLIGENCE GROUP, INC. / ENERGY INTELLIGENCE GROUP (UK) LIMITED.",2024,Russia,Russia Novy Port,Novy Port,123.75,
Source: Energy Intelligence,"COPYRIGHT © 2001-2025 ENERGY INTELLIGENCE GROUP, INC. / ENERGY INTELLIGENCE GROUP (UK) LIMITED.",2023,Russia,Russia Novy Port,Novy Port,129.58,
Source: Energy Intelligence,"COPYRIGHT © 2001-2025 ENERGY INTELLIGENCE GROUP, INC. / ENERGY INTELLIGENCE GROUP (UK) LIMITED.",2022,Russia,Russia Novy Port,Novy Port,139.25,
Source: Energy Intelligence,"COPYRIGHT © 2001-2025 ENERGY INTELLIGENCE GROUP, INC. / ENERGY INTELLIGENCE GROUP (UK) LIMITED.",2024,Russia,Russia Varandey,Varandey,101.33,
Source: Energy Intelligence,"COPYRIGHT © 2001-2025 ENERGY INTELLIGENCE GROUP, INC. / ENERGY INTELLIGENCE GROUP (UK) LIMITED.",2023,Russia,Russia Varandey,Varandey,147,
Source: Energy Intelligence,"COPYRIGHT © 2001-2025 ENERGY INTELLIGENCE GROUP, INC. / ENERGY INTELLIGENCE GROUP (UK) LIMITED.",2022,Russia,Russia Varandey,Varandey,121,
Source: Energy Intelligence,"COPYRIGHT © 2001-2025 ENERGY INTELLIGENCE GROUP, INC. / ENERGY INTELLIGENCE GROUP (UK) LIMITED.",2021,Russia,Russia Varandey,Varandey,92.75,
Source: Energy Intelligence,"COPYRIGHT © 2001-2025 ENERGY INTELLIGENCE GROUP, INC. / ENERGY INTELLIGENCE GROUP (UK) LIMITED.",2020,Russia,Russia Varandey,Varandey,97.9,
Source: Energy Intelligence,"COPYRIGHT © 2001-2025 ENERGY INTELLIGENCE GROUP, INC. / ENERGY INTELLIGENCE GROUP (UK) LIMITED.",2019,Russia,Russia Varandey,Varandey,142.68,
Source: Energy Intelligence,"COPYRIGHT © 2001-2025 ENERGY INTELLIGENCE GROUP, INC. / ENERGY INTELLIGENCE GROUP (UK) LIMITED.",2018,Russia,Russia Varandey,Varandey,141.43,
Source: Energy Intelligence,"COPYRIGHT © 2001-2025 ENERGY INTELLIGENCE GROUP, INC. / ENERGY INTELLIGENCE GROUP (UK) LIMITED.",2017,Russia,Russia Varandey,Varandey,159.12,
Source: Energy Intelligence,"COPYRIGHT © 2001-2025 ENERGY INTELLIGENCE GROUP, INC. / ENERGY INTELLIGENCE GROUP (UK) LIMITED.",2016,Russia,Russia Varandey,Varandey,140.19,
Source: Energy Intelligence,"COPYRIGHT © 2001-2025 ENERGY INTELLIGENCE GROUP, INC. / ENERGY INTELLIGENCE GROUP (UK) LIMITED.",2015,Russia,Russia Varandey,Varandey,110.14,
Source: Energy Intelligence,"COPYRIGHT © 2001-2025 ENERGY INTELLIGENCE GROUP, INC. / ENERGY INTELLIGENCE GROUP (UK) LIMITED.",2014,Russia,Russia Varandey,Varandey,100.64,
Source: Energy Intelligence,"COPYRIGHT © 2001-2025 ENERGY INTELLIGENCE GROUP, INC. / ENERGY INTELLIGENCE GROUP (UK) LIMITED.",2013,Russia,Russia Varandey,Varandey,23.08,
Source: Energy Intelligence,"COPYRIGHT © 2001-2025 ENERGY INTELLIGENCE GROUP, INC. / ENERGY INTELLIGENCE GROUP (UK) LIMITED.",2024,Russia,Russia Sakhalin Blend,Sakhalin Blend,61.58,
Source: Energy Intelligence,"COPYRIGHT © 2001-2025 ENERGY INTELLIGENCE GROUP, INC. / ENERGY INTELLIGENCE GROUP (UK) LIMITED.",2023,Russia,Russia Sakhalin Blend,Sakhalin Blend,62.33,
Source: Energy Intelligence,"COPYRIGHT © 2001-2025 ENERGY INTELLIGENCE GROUP, INC. / ENERGY INTELLIGENCE GROUP (UK) LIMITED.",2022,Russia,Russia Sakhalin Blend,Sakhalin Blend,79.5,
Source: Energy Intelligence,"COPYRIGHT © 2001-2025 ENERGY INTELLIGENCE GROUP, INC. / ENERGY INTELLIGENCE GROUP (UK) LIMITED.",2021,Russia,Russia Sakhalin Blend,Sakhalin Blend,82.42,
Source: Energy Intelligence,"COPYRIGHT © 2001-2025 ENERGY INTELLIGENCE GROUP, INC. / ENERGY INTELLIGENCE GROUP (UK) LIMITED.",2020,Russia,Russia Sakhalin Blend,Sakhalin Blend,94.7,
Source: Energy Intelligence,"COPYRIGHT © 2001-2025 ENERGY INTELLIGENCE GROUP, INC. / ENERGY INTELLIGENCE GROUP (UK) LIMITED.",2019,Russia,Russia Sakhalin Blend,Sakhalin Blend,101.16,
Source: Energy Intelligence,"COPYRIGHT © 2001-2025 ENERGY INTELLIGENCE GROUP, INC. / ENERGY INTELLIGENCE GROUP (UK) LIMITED.",2018,Russia,Russia Sakhalin Blend,Sakhalin Blend,111.5,
Source: Energy Intelligence,"COPYRIGHT © 2001-2025 ENERGY INTELLIGENCE GROUP, INC. / ENERGY INTELLIGENCE GROUP (UK) LIMITED.",2017,Russia,Russia Sakhalin Blend,Sakhalin Blend,110.7,
Source: Energy Intelligence,"COPYRIGHT © 2001-2025 ENERGY INTELLIGENCE GROUP, INC. / ENERGY INTELLIGENCE GROUP (UK) LIMITED.",2016,Russia,Russia Sakhalin Blend,Sakhalin Blend,108.49,
Source: Energy Intelligence,"COPYRIGHT © 2001-2025 ENERGY INTELLIGENCE GROUP, INC. / ENERGY INTELLIGENCE GROUP (UK) LIMITED.",2015,Russia,Russia Sakhalin Blend,Sakhalin Blend,104.68,
Source: Energy Intelligence,"COPYRIGHT © 2001-2025 ENERGY INTELLIGENCE GROUP, INC. / ENERGY INTELLIGENCE GROUP (UK) LIMITED.",2012,Russia,Russia YK Blend,YK Blend,37.4,
Source: Energy Intelligence,"COPYRIGHT © 2001-2025 ENERGY INTELLIGENCE GROUP, INC. / ENERGY INTELLIGENCE GROUP (UK) LIMITED.",2011,Russia,Russia YK Blend,YK Blend,80,
Source: Energy Intelligence,"COPYRIGHT © 2001-2025 ENERGY INTELLIGENCE GROUP, INC. / ENERGY INTELLIGENCE GROUP (UK) LIMITED.",2010,Russia,Russia YK Blend,YK Blend,149,
Source: Energy Intelligence,"COPYRIGHT © 2001-2025 ENERGY INTELLIGENCE GROUP, INC. / ENERGY INTELLIGENCE GROUP (UK) LIMITED.",2009,Russia,Russia YK Blend,YK Blend,152,
Source: Energy Intelligence,"COPYRIGHT © 2001-2025 ENERGY INTELLIGENCE GROUP, INC. / ENERGY INTELLIGENCE GROUP (UK) LIMITED.",2008,Russia,Russia YK Blend,YK Blend,39.16,
Source: Energy Intelligence,"COPYRIGHT © 2001-2025 ENERGY INTELLIGENCE GROUP, INC. / ENERGY INTELLIGENCE GROUP (UK) LIMITED.",2014,Russia,Russia Vityaz,Vityaz,104.58,
Source: Energy Intelligence,"COPYRIGHT © 2001-2025 ENERGY INTELLIGENCE GROUP, INC. / ENERGY INTELLIGENCE GROUP (UK) LIMITED.",2013,Russia,Russia Vityaz,Vityaz,107.81,
Source: Energy Intelligence,"COPYRIGHT © 2001-2025 ENERGY INTELLIGENCE GROUP, INC. / ENERGY INTELLIGENCE GROUP (UK) LIMITED.",2012,Russia,Russia Vityaz,Vityaz,110.3,
Source: Energy Intelligence,"COPYRIGHT © 2001-2025 ENERGY INTELLIGENCE GROUP, INC. / ENERGY INTELLIGENCE GROUP (UK) LIMITED.",2011,Russia,Russia Vityaz,Vityaz,115.7,
Source: Energy Intelligence,"COPYRIGHT © 2001-2025 ENERGY INTELLIGENCE GROUP, INC. / ENERGY INTELLIGENCE GROUP (UK) LIMITED.",2010,Russia,Russia Vityaz,Vityaz,128.8,
Source: Energy Intelligence,"COPYRIGHT © 2001-2025 ENERGY INTELLIGENCE GROUP, INC. / ENERGY INTELLIGENCE GROUP (UK) LIMITED.",2009,Russia,Russia Vityaz,Vityaz,110,
Source: Energy Intelligence,"COPYRIGHT © 2001-2025 ENERGY INTELLIGENCE GROUP, INC. / ENERGY INTELLIGENCE GROUP (UK) LIMITED.",2008,Russia,Russia Vityaz,Vityaz,29,
Source: Energy Intelligence,"COPYRIGHT © 2001-2025 ENERGY INTELLIGENCE GROUP, INC. / ENERGY INTELLIGENCE GROUP (UK) LIMITED.",2007,Russia,Russia Vityaz,Vityaz,34,
Source: Energy Intelligence,"COPYRIGHT © 2001-2025 ENERGY INTELLIGENCE GROUP, INC. / ENERGY INTELLIGENCE GROUP (UK) LIMITED.",2006,Russia,Russia Vityaz,Vityaz,32,
Source: Energy Intelligence,"COPYRIGHT © 2001-2025 ENERGY INTELLIGENCE GROUP, INC. / ENERGY INTELLIGENCE GROUP (UK) LIMITED.",2024,Russia,Russia Siberian Light,Siberian Light,23.65,
Source: Energy Intelligence,"COPYRIGHT © 2001-2025 ENERGY INTELLIGENCE GROUP, INC. / ENERGY INTELLIGENCE GROUP (UK) LIMITED.",2023,Russia,Russia Siberian Light,Siberian Light,46.09,
Source: Energy Intelligence,"COPYRIGHT © 2001-2025 ENERGY INTELLIGENCE GROUP, INC. / ENERGY INTELLIGENCE GROUP (UK) LIMITED.",2022,Russia,Russia Siberian Light,Siberian Light,64.61,
Source: Energy Intelligence,"COPYRIGHT © 2001-2025 ENERGY INTELLIGENCE GROUP, INC. / ENERGY INTELLIGENCE GROUP (UK) LIMITED.",2021,Russia,Russia Siberian Light,Siberian Light,32.42,
Source: Energy Intelligence,"COPYRIGHT © 2001-2025 ENERGY INTELLIGENCE GROUP, INC. / ENERGY INTELLIGENCE GROUP (UK) LIMITED.",2020,Russia,Russia Siberian Light,Siberian Light,109.5,
Source: Energy Intelligence,"COPYRIGHT © 2001-2025 ENERGY INTELLIGENCE GROUP, INC. / ENERGY INTELLIGENCE GROUP (UK) LIMITED.",2019,Russia,Russia Siberian Light,Siberian Light,145.88,
Source: Energy Intelligence,"COPYRIGHT © 2001-2025 ENERGY INTELLIGENCE GROUP, INC. / ENERGY INTELLIGENCE GROUP (UK) LIMITED.",2018,Russia,Russia Siberian Light,Siberian Light,114.51,
Source: Energy Intelligence,"COPYRIGHT © 2001-2025 ENERGY INTELLIGENCE GROUP, INC. / ENERGY INTELLIGENCE GROUP (UK) LIMITED.",2017,Russia,Russia Siberian Light,Siberian Light,118.48,
Source: Energy Intelligence,"COPYRIGHT © 2001-2025 ENERGY INTELLIGENCE GROUP, INC. / ENERGY INTELLIGENCE GROUP (UK) LIMITED.",2016,Russia,Russia Siberian Light,Siberian Light,96.73,
Source: Energy Intelligence,"COPYRIGHT © 2001-2025 ENERGY INTELLIGENCE GROUP, INC. / ENERGY INTELLIGENCE GROUP (UK) LIMITED.",2015,Russia,Russia Siberian Light,Siberian Light,95.24,
Source: Energy Intelligence,"COPYRIGHT © 2001-2025 ENERGY INTELLIGENCE GROUP, INC. / ENERGY INTELLIGENCE GROUP (UK) LIMITED.",2014,Russia,Russia Siberian Light,Siberian Light,61.83,
Source: Energy Intelligence,"COPYRIGHT © 2001-2025 ENERGY INTELLIGENCE GROUP, INC. / ENERGY INTELLIGENCE GROUP (UK) LIMITED.",2013,Russia,Russia Siberian Light,Siberian Light,54.62,
Source: Energy Intelligence,"COPYRIGHT © 2001-2025 ENERGY INTELLIGENCE GROUP, INC. / ENERGY INTELLIGENCE GROUP (UK) LIMITED.",2012,Russia,Russia Siberian Light,Siberian Light,60.2,
Source: Energy Intelligence,"COPYRIGHT © 2001-2025 ENERGY INTELLIGENCE GROUP, INC. / ENERGY INTELLIGENCE GROUP (UK) LIMITED.",2011,Russia,Russia Siberian Light,Siberian Light,75.2,
Source: Energy Intelligence,"COPYRIGHT © 2001-2025 ENERGY INTELLIGENCE GROUP, INC. / ENERGY INTELLIGENCE GROUP (UK) LIMITED.",2010,Russia,Russia Siberian Light,Siberian Light,99,
Source: Energy Intelligence,"COPYRIGHT © 2001-2025 ENERGY INTELLIGENCE GROUP, INC. / ENERGY INTELLIGENCE GROUP (UK) LIMITED.",2009,Russia,Russia Siberian Light,Siberian Light,84,
Source: Energy Intelligence,"COPYRIGHT © 2001-2025 ENERGY INTELLIGENCE GROUP, INC. / ENERGY INTELLIGENCE GROUP (UK) LIMITED.",2008,Russia,Russia Siberian Light,Siberian Light,79,
Source: Energy Intelligence,"COPYRIGHT © 2001-2025 ENERGY INTELLIGENCE GROUP, INC. / ENERGY INTELLIGENCE GROUP (UK) LIMITED.",2007,Russia,Russia Siberian Light,Siberian Light,90,
Source: Energy Intelligence,"COPYRIGHT © 2001-2025 ENERGY INTELLIGENCE GROUP, INC. / ENERGY INTELLIGENCE GROUP (UK) LIMITED.",2006,Russia,Russia Siberian Light,Siberian Light,100,
Source: Energy Intelligence,"COPYRIGHT © 2001-2025 ENERGY INTELLIGENCE GROUP, INC. / ENERGY INTELLIGENCE GROUP (UK) LIMITED.",2024,Russia,Russia Arco,Arco,59,
Source: Energy Intelligence,"COPYRIGHT © 2001-2025 ENERGY INTELLIGENCE GROUP, INC. / ENERGY INTELLIGENCE GROUP (UK) LIMITED.",2023,Russia,Russia Arco,Arco,70.42,
Source: Energy Intelligence,"COPYRIGHT © 2001-2025 ENERGY INTELLIGENCE GROUP, INC. / ENERGY INTELLIGENCE GROUP (UK) LIMITED.",2022,Russia,Russia Arco,Arco,68.83,
Source: Energy Intelligence,"COPYRIGHT © 2001-2025 ENERGY INTELLIGENCE GROUP, INC. / ENERGY INTELLIGENCE GROUP (UK) LIMITED.",2024,,,,,10156.27
Source: Energy Intelligence,"COPYRIGHT © 2001-2025 ENERGY INTELLIGENCE GROUP, INC. / ENERGY INTELLIGENCE GROUP (UK) LIMITED.",2023,,,,,10547.16
Source: Energy Intelligence,"COPYRIGHT © 2001-2025 ENERGY INTELLIGENCE GROUP, INC. / ENERGY INTELLIGENCE GROUP (UK) LIMITED.",2022,,,,,10631.25
Source: Energy Intelligence,"COPYRIGHT © 2001-2025 ENERGY INTELLIGENCE GROUP, INC. / ENERGY INTELLIGENCE GROUP (UK) LIMITED.",2021,,,,,10157.09
Source: Energy Intelligence,"COPYRIGHT © 2001-2025 ENERGY INTELLIGENCE GROUP, INC. / ENERGY INTELLIGENCE GROUP (UK) LIMITED.",2020,,,,,10510.46
Source: Energy Intelligence,"COPYRIGHT © 2001-2025 ENERGY INTELLIGENCE GROUP, INC. / ENERGY INTELLIGENCE GROUP (UK) LIMITED.",2019,,,,,11482.85
Source: Energy Intelligence,"COPYRIGHT © 2001-2025 ENERGY INTELLIGENCE GROUP, INC. / ENERGY INTELLIGENCE GROUP (UK) LIMITED.",2018,,,,,11557.53
Source: Energy Intelligence,"COPYRIGHT © 2001-2025 ENERGY INTELLIGENCE GROUP, INC. / ENERGY INTELLIGENCE GROUP (UK) LIMITED.",2017,,,,,11444.35
Source: Energy Intelligence,"COPYRIGHT © 2001-2025 ENERGY INTELLIGENCE GROUP, INC. / ENERGY INTELLIGENCE GROUP (UK) LIMITED.",2016,,,,,11431.57
Source: Energy Intelligence,"COPYRIGHT © 2001-2025 ENERGY INTELLIGENCE GROUP, INC. / ENERGY INTELLIGENCE GROUP (UK) LIMITED.",2015,,,,,11139.36
Source: Energy Intelligence,"COPYRIGHT © 2001-2025 ENERGY INTELLIGENCE GROUP, INC. / ENERGY INTELLIGENCE GROUP (UK) LIMITED.",2014,,,,,11043.34
Source: Energy Intelligence,"COPYRIGHT © 2001-2025 ENERGY INTELLIGENCE GROUP, INC. / ENERGY INTELLIGENCE GROUP (UK) LIMITED.",2013,,,,,11024.83
Source: Energy Intelligence,"COPYRIGHT © 2001-2025 ENERGY INTELLIGENCE GROUP, INC. / ENERGY INTELLIGENCE GROUP (UK) LIMITED.",2012,,,,,10432.48
Source: Energy Intelligence,"COPYRIGHT © 2001-2025 ENERGY INTELLIGENCE GROUP, INC. / ENERGY INTELLIGENCE GROUP (UK) LIMITED.",2011,,,,,10326.61
Source: Energy Intelligence,"COPYRIGHT © 2001-2025 ENERGY INTELLIGENCE GROUP, INC. / ENERGY INTELLIGENCE GROUP (UK) LIMITED.",2010,,,,,10199.1
Source: Energy Intelligence,"COPYRIGHT © 2001-2025 ENERGY INTELLIGENCE GROUP, INC. / ENERGY INTELLIGENCE GROUP (UK) LIMITED.",2009,,,,,9971.32
Source: Energy Intelligence,"COPYRIGHT © 2001-2025 ENERGY INTELLIGENCE GROUP, INC. / ENERGY INTELLIGENCE GROUP (UK) LIMITED.",2008,,,,,9832.54
Source: Energy Intelligence,"COPYRIGHT © 2001-2025 ENERGY INTELLIGENCE GROUP, INC. / ENERGY INTELLIGENCE GROUP (UK) LIMITED.",2007,,,,,9632
Source: Energy Intelligence,"COPYRIGHT © 2001-2025 ENERGY INTELLIGENCE GROUP, INC. / ENERGY INTELLIGENCE GROUP (UK) LIMITED.",2006,,,,,9413
